,constructor,race,points,year,race_name,start_date,location,country_code,month,start_epoch
0,RED,1,78.0,2023,Bahrain Grand Prix,2023-03-05 15:00:00+00:00,Sakhir,BRN,3,1678028400
1,MER,1,45.0,2023,Bahrain Grand Prix,2023-03-05 15:00:00+00:00,Sakhir,BRN,3,1678028400
2,FER,1,31.0,2023,Bahrain Grand Prix,2023-03-05 15:00:00+00:00,Sakhir,BRN,3,1678028400
3,MCL,1,-16.0,2023,Bahrain Grand Prix,2023-03-05 15:00:00+00:00,Sakhir,BRN,3,1678028400
4,AST,1,56.0,2023,Bahrain Grand Prix,2023-03-05 15:00:00+00:00,Sakhir,BRN,3,1678028400
5,ALP,1,8.0,2023,Bahrain Grand Prix,2023-03-05 15:00:00+00:00,Sakhir,BRN,3,1678028400
6,ALT,1,17.0,2023,Bahrain Grand Prix,2023-03-05 15:00:00+00:00,Sakhir,BRN,3,1678028400
7,ALF,1,31.0,2023,Bahrain Grand Prix,2023-03-05 15:00:00+00:00,Sakhir,BRN,3,1678028400
8,HAA,1,12.0,2023,Bahrain Grand Prix,2023-03-05 15:00:00+00:00,Sakhir,BRN,3,1678028400
9,WIL,1,25.0,2023,Bahrain Grand Prix,2023-03-05 15:00:00+00:00,Sakhir,BRN,3,1678028400
10,RED,2,95.0,2023,Saudi Arabian Grand Prix,2023-03-19 17:00:00+00:00,Jeddah,KSA,3,1679245200
11,MER,2,44.0,2023,Saudi Arabian Grand Prix,2023-03-19 17:00:00+00:00,Jeddah,KSA,3,1679245200
12,FER,2,59.0,2023,Saudi Arabian Grand Prix,2023-03-19 17:00:00+00:00,Jeddah,KSA,3,1679245200
13,MCL,2,14.0,2023,Saudi Arabian Grand Prix,2023-03-19 17:00:00+00:00,Jeddah,KSA,3,1679245200
14,AST,2,19.0,2023,Saudi Arabian Grand Prix,2023-03-19 17:00:00+00:00,Jeddah,KSA,3,1679245200
15,ALP,2,28.0,2023,Saudi Arabian Grand Prix,2023-03-19 17:00:00+00:00,Jeddah,KSA,3,1679245200
16,ALT,2,15.0,2023,Saudi Arabian Grand Prix,2023-03-19 17:00:00+00:00,Jeddah,KSA,3,1679245200
17,ALF,2,7.0,2023,Saudi Arabian Grand Prix,2023-03-19 17:00:00+00:00,Jeddah,KSA,3,1679245200
18,HAA,2,13.0,2023,Saudi Arabian Grand Prix,2023-03-19 17:00:00+00:00,Jeddah,KSA,3,1679245200
19,WIL,2,-16.0,2023,Saudi Arabian Grand Prix,2023-03-19 17:00:00+00:00,Jeddah,KSA,3,1679245200
20,RED,3,98.0,2023,Australian Grand Prix,2023-04-02 05:00:00+00:00,Melbourne,AUS,4,1680411600
21,MER,3,32.0,2023,Australian Grand Prix,2023-04-02 05:00:00+00:00,Melbourne,AUS,4,1680411600
22,FER,3,3.0,2023,Australian Grand Prix,2023-04-02 05:00:00+00:00,Melbourne,AUS,4,1680411600
23,MCL,3,36.0,2023,Australian Grand Prix,2023-04-02 05:00:00+00:00,Melbourne,AUS,4,1680411600
24,AST,3,54.0,2023,Australian Grand Prix,2023-04-02 05:00:00+00:00,Melbourne,AUS,4,1680411600
25,ALP,3,11.0,2023,Australian Grand Prix,2023-04-02 05:00:00+00:00,Melbourne,AUS,4,1680411600
26,ALT,3,13.0,2023,Australian Grand Prix,2023-04-02 05:00:00+00:00,Melbourne,AUS,4,1680411600
27,ALF,3,26.0,2023,Australian Grand Prix,2023-04-02 05:00:00+00:00,Melbourne,AUS,4,1680411600
28,HAA,3,18.0,2023,Australian Grand Prix,2023-04-02 05:00:00+00:00,Melbourne,AUS,4,1680411600
29,WIL,3,-5.0,2023,Australian Grand Prix,2023-04-02 05:00:00+00:00,Melbourne,AUS,4,1680411600
30,RED,4,108.0,2023,Azerbaijan Grand Prix,2023-04-30 11:00:00+00:00,Baku,AZE,4,1682852400
31,MER,4,49.0,2023,Azerbaijan Grand Prix,2023-04-30 11:00:00+00:00,Baku,AZE,4,1682852400
32,FER,4,63.0,2023,Azerbaijan Grand Prix,2023-04-30 11:00:00+00:00,Baku,AZE,4,1682852400
33,MCL,4,23.0,2023,Azerbaijan Grand Prix,2023-04-30 11:00:00+00:00,Baku,AZE,4,1682852400
34,AST,4,55.0,2023,Azerbaijan Grand Prix,2023-04-30 11:00:00+00:00,Baku,AZE,4,1682852400
35,ALP,4,25.0,2023,Azerbaijan Grand Prix,2023-04-30 11:00:00+00:00,Baku,AZE,4,1682852400
36,ALT,4,-23.0,2023,Azerbaijan Grand Prix,2023-04-30 11:00:00+00:00,Baku,AZE,4,1682852400
37,ALF,4,-10.0,2023,Azerbaijan Grand Prix,2023-04-30 11:00:00+00:00,Baku,AZE,4,1682852400
38,HAA,4,17.0,2023,Azerbaijan Grand Prix,2023-04-30 11:00:00+00:00,Baku,AZE,4,1682852400
39,WIL,4,5.0,2023,Azerbaijan Grand Prix,2023-04-30 11:00:00+00:00,Baku,AZE,4,1682852400
40,RED,5,97.0,2023,Miami Grand Prix,2023-05-07 19:30:00+00:00,Miami,USA,5,1683487800
41,MER,5,57.0,2023,Miami Grand Prix,2023-05-07 19:30:00+00:00,Miami,USA,5,1683487800
42,FER,5,56.0,2023,Miami Grand Prix,2023-05-07 19:30:00+00:00,Miami,USA,5,1683487800
43,MCL,5,8.0,2023,Miami Grand Prix,2023-05-07 19:30:00+00:00,Miami,USA,5,1683487800
44,AST,5,42.0,2023,Miami Grand Prix,2023-05-07 19:30:00+00:00,Miami,USA,5,1683487800
45,ALP,5,28.0,2023,Miami Grand Prix,2023-05-07 19:30:00+00:00,Miami,USA,5,1683487800
46,ALT,5,17.0,2023,Miami Grand Prix,2023-05-07 19:30:00+00:00,Miami,USA,5,1683487800
47,ALF,5,8.0,2023,Miami Grand Prix,2023-05-07 19:30:00+00:00,Miami,USA,5,1683487800
48,HAA,5,15.0,2023,Miami Grand Prix,2023-05-07 19:30:00+00:00,Miami,USA,5,1683487800
49,WIL,5,1.0,2023,Miami Grand Prix,2023-05-07 19:30:00+00:00,Miami,USA,5,1683487800
50,RED,7,63.0,2023,Monaco Grand Prix,2023-05-28 13:00:00+00:00,Monaco,MON,5,1685278800
51,MER,7,54.0,2023,Monaco Grand Prix,2023-05-28 13:00:00+00:00,Monaco,MON,5,1685278800
52,FER,7,37.0,2023,Monaco Grand Prix,2023-05-28 13:00:00+00:00,Monaco,MON,5,1685278800
53,MCL,7,15.0,2023,Monaco Grand Prix,2023-05-28 13:00:00+00:00,Monaco,MON,5,1685278800
54,AST,7,15.0,2023,Monaco Grand Prix,2023-05-28 13:00:00+00:00,Monaco,MON,5,1685278800
55,ALP,7,42.0,2023,Monaco Grand Prix,2023-05-28 13:00:00+00:00,Monaco,MON,5,1685278800
56,ALT,7,1.0,2023,Monaco Grand Prix,2023-05-28 13:00:00+00:00,Monaco,MON,5,1685278800
57,ALF,7,22.0,2023,Monaco Grand Prix,2023-05-28 13:00:00+00:00,Monaco,MON,5,1685278800
58,HAA,7,7.0,2023,Monaco Grand Prix,2023-05-28 13:00:00+00:00,Monaco,MON,5,1685278800
59,WIL,7,1.0,2023,Monaco Grand Prix,2023-05-28 13:00:00+00:00,Monaco,MON,5,1685278800
60,RED,8,96.0,2023,Spanish Grand Prix,2023-06-04 13:00:00+00:00,Barcelona,ESP,6,1685883600
61,MER,8,65.0,2023,Spanish Grand Prix,2023-06-04 13:00:00+00:00,Barcelona,ESP,6,1685883600
62,FER,8,38.0,2023,Spanish Grand Prix,2023-06-04 13:00:00+00:00,Barcelona,ESP,6,1685883600
63,MCL,8,11.0,2023,Spanish Grand Prix,2023-06-04 13:00:00+00:00,Barcelona,ESP,6,1685883600
64,AST,8,40.0,2023,Spanish Grand Prix,2023-06-04 13:00:00+00:00,Barcelona,ESP,6,1685883600
65,ALP,8,33.0,2023,Spanish Grand Prix,2023-06-04 13:00:00+00:00,Barcelona,ESP,6,1685883600
66,ALT,8,20.0,2023,Spanish Grand Prix,2023-06-04 13:00:00+00:00,Barcelona,ESP,6,1685883600
67,ALF,8,19.0,2023,Spanish Grand Prix,2023-06-04 13:00:00+00:00,Barcelona,ESP,6,1685883600
68,HAA,8,17.0,2023,Spanish Grand Prix,2023-06-04 13:00:00+00:00,Barcelona,ESP,6,1685883600
69,WIL,8,5.0,2023,Spanish Grand Prix,2023-06-04 13:00:00+00:00,Barcelona,ESP,6,1685883600
70,RED,9,86.0,2023,Canadian Grand Prix,2023-06-18 18:00:00+00:00,Montréal,CAN,6,1687111200
71,MER,9,21.0,2023,Canadian Grand Prix,2023-06-18 18:00:00+00:00,Montréal,CAN,6,1687111200
72,FER,9,46.0,2023,Canadian Grand Prix,2023-06-18 18:00:00+00:00,Montréal,CAN,6,1687111200
73,MCL,9,15.0,2023,Canadian Grand Prix,2023-06-18 18:00:00+00:00,Montréal,CAN,6,1687111200
74,AST,9,46.0,2023,Canadian Grand Prix,2023-06-18 18:00:00+00:00,Montréal,CAN,6,1687111200
75,ALP,9,24.0,2023,Canadian Grand Prix,2023-06-18 18:00:00+00:00,Montréal,CAN,6,1687111200
76,ALT,9,6.0,2023,Canadian Grand Prix,2023-06-18 18:00:00+00:00,Montréal,CAN,6,1687111200
77,ALF,9,11.0,2023,Canadian Grand Prix,2023-06-18 18:00:00+00:00,Montréal,CAN,6,1687111200
78,HAA,9,4.0,2023,Canadian Grand Prix,2023-06-18 18:00:00+00:00,Montréal,CAN,6,1687111200
79,WIL,9,-2.0,2023,Canadian Grand Prix,2023-06-18 18:00:00+00:00,Montréal,CAN,6,1687111200
80,RED,10,112.0,2023,Austrian Grand Prix,2023-07-02 13:00:00+00:00,Spielberg,AUT,7,1688302800
81,MER,10,70.0,2023,Austrian Grand Prix,2023-07-02 13:00:00+00:00,Spielberg,AUT,7,1688302800
82,FER,10,73.0,2023,Austrian Grand Prix,2023-07-02 13:00:00+00:00,Spielberg,AUT,7,1688302800
83,MCL,10,54.0,2023,Austrian Grand Prix,2023-07-02 13:00:00+00:00,Spielberg,AUT,7,1688302800
84,AST,10,63.0,2023,Austrian Grand Prix,2023-07-02 13:00:00+00:00,Spielberg,AUT,7,1688302800
85,ALP,10,21.0,2023,Austrian Grand Prix,2023-07-02 13:00:00+00:00,Spielberg,AUT,7,1688302800
86,ALT,10,20.0,2023,Austrian Grand Prix,2023-07-02 13:00:00+00:00,Spielberg,AUT,7,1688302800
87,ALF,10,16.0,2023,Austrian Grand Prix,2023-07-02 13:00:00+00:00,Spielberg,AUT,7,1688302800
88,HAA,10,14.0,2023,Austrian Grand Prix,2023-07-02 13:00:00+00:00,Spielberg,AUT,7,1688302800
89,WIL,10,35.0,2023,Austrian Grand Prix,2023-07-02 13:00:00+00:00,Spielberg,AUT,7,1688302800
90,RED,11,77.0,2023,British Grand Prix,2023-07-09 14:00:00+00:00,Silverstone,GBR,7,1688911200
91,MER,11,53.0,2023,British Grand Prix,2023-07-09 14:00:00+00:00,Silverstone,GBR,7,1688911200
92,FER,11,25.0,2023,British Grand Prix,2023-07-09 14:00:00+00:00,Silverstone,GBR,7,1688911200
93,MCL,11,68.0,2023,British Grand Prix,2023-07-09 14:00:00+00:00,Silverstone,GBR,7,1688911200
94,AST,11,22.0,2023,British Grand Prix,2023-07-09 14:00:00+00:00,Silverstone,GBR,7,1688911200
95,ALP,11,-16.0,2023,British Grand Prix,2023-07-09 14:00:00+00:00,Silverstone,GBR,7,1688911200
96,ALT,11,5.0,2023,British Grand Prix,2023-07-09 14:00:00+00:00,Silverstone,GBR,7,1688911200
97,ALF,11,-5.0,2023,British Grand Prix,2023-07-09 14:00:00+00:00,Silverstone,GBR,7,1688911200
98,HAA,11,-18.0,2023,British Grand Prix,2023-07-09 14:00:00+00:00,Silverstone,GBR,7,1688911200
99,WIL,11,19.0,2023,British Grand Prix,2023-07-09 14:00:00+00:00,Silverstone,GBR,7,1688911200
100,RED,12,95.0,2023,Hungarian Grand Prix,2023-07-23 13:00:00+00:00,Budapest,HUN,7,1690117200
101,MER,12,52.0,2023,Hungarian Grand Prix,2023-07-23 13:00:00+00:00,Budapest,HUN,7,1690117200
102,FER,12,32.0,2023,Hungarian Grand Prix,2023-07-23 13:00:00+00:00,Budapest,HUN,7,1690117200
103,MCL,12,62.0,2023,Hungarian Grand Prix,2023-07-23 13:00:00+00:00,Budapest,HUN,7,1690117200
104,AST,12,21.0,2023,Hungarian Grand Prix,2023-07-23 13:00:00+00:00,Budapest,HUN,7,1690117200
105,ALP,12,-35.0,2023,Hungarian Grand Prix,2023-07-23 13:00:00+00:00,Budapest,HUN,7,1690117200
106,ALT,12,8.0,2023,Hungarian Grand Prix,2023-07-23 13:00:00+00:00,Budapest,HUN,7,1690117200
107,ALF,12,6.0,2023,Hungarian Grand Prix,2023-07-23 13:00:00+00:00,Budapest,HUN,7,1690117200
108,HAA,12,10.0,2023,Hungarian Grand Prix,2023-07-23 13:00:00+00:00,Budapest,HUN,7,1690117200
109,WIL,12,9.0,2023,Hungarian Grand Prix,2023-07-23 13:00:00+00:00,Budapest,HUN,7,1690117200
110,RED,13,80.0,2023,Belgian Grand Prix,2023-07-30 13:00:00+00:00,Spa-Francorchamps,BEL,7,1690722000
111,MER,13,70.0,2023,Belgian Grand Prix,2023-07-30 13:00:00+00:00,Spa-Francorchamps,BEL,7,1690722000
112,FER,13,38.0,2023,Belgian Grand Prix,2023-07-30 13:00:00+00:00,Spa-Francorchamps,BEL,7,1690722000
113,MCL,13,18.0,2023,Belgian Grand Prix,2023-07-30 13:00:00+00:00,Spa-Francorchamps,BEL,7,1690722000
114,AST,13,24.0,2023,Belgian Grand Prix,2023-07-30 13:00:00+00:00,Spa-Francorchamps,BEL,7,1690722000
115,ALP,13,43.0,2023,Belgian Grand Prix,2023-07-30 13:00:00+00:00,Spa-Francorchamps,BEL,7,1690722000
116,ALT,13,18.0,2023,Belgian Grand Prix,2023-07-30 13:00:00+00:00,Spa-Francorchamps,BEL,7,1690722000
117,ALF,13,26.0,2023,Belgian Grand Prix,2023-07-30 13:00:00+00:00,Spa-Francorchamps,BEL,7,1690722000
118,HAA,13,23.0,2023,Belgian Grand Prix,2023-07-30 13:00:00+00:00,Spa-Francorchamps,BEL,7,1690722000
119,WIL,13,21.0,2023,Belgian Grand Prix,2023-07-30 13:00:00+00:00,Spa-Francorchamps,BEL,7,1690722000
120,RED,14,101.0,2023,Dutch Grand Prix,2023-08-27 13:00:00+00:00,Zandvoort,NED,8,1693141200
121,MER,14,40.0,2023,Dutch Grand Prix,2023-08-27 13:00:00+00:00,Zandvoort,NED,8,1693141200
122,FER,14,34.0,2023,Dutch Grand Prix,2023-08-27 13:00:00+00:00,Zandvoort,NED,8,1693141200
123,MCL,14,56.0,2023,Dutch Grand Prix,2023-08-27 13:00:00+00:00,Zandvoort,NED,8,1693141200
124,AST,14,67.0,2023,Dutch Grand Prix,2023-08-27 13:00:00+00:00,Zandvoort,NED,8,1693141200
125,ALP,14,66.0,2023,Dutch Grand Prix,2023-08-27 13:00:00+00:00,Zandvoort,NED,8,1693141200
126,ALT,14,40.0,2023,Dutch Grand Prix,2023-08-27 13:00:00+00:00,Zandvoort,NED,8,1693141200
127,ALF,14,4.0,2023,Dutch Grand Prix,2023-08-27 13:00:00+00:00,Zandvoort,NED,8,1693141200
128,HAA,14,26.0,2023,Dutch Grand Prix,2023-08-27 13:00:00+00:00,Zandvoort,NED,8,1693141200
129,WIL,14,9.0,2023,Dutch Grand Prix,2023-08-27 13:00:00+00:00,Zandvoort,NED,8,1693141200
130,RED,15,81.0,2023,Italian Grand Prix,2023-09-03 13:00:00+00:00,Monza,ITA,9,1693746000
131,MER,15,44.0,2023,Italian Grand Prix,2023-09-03 13:00:00+00:00,Monza,ITA,9,1693746000
132,FER,15,67.0,2023,Italian Grand Prix,2023-09-03 13:00:00+00:00,Monza,ITA,9,1693746000
133,MCL,15,44.0,2023,Italian Grand Prix,2023-09-03 13:00:00+00:00,Monza,ITA,9,1693746000
134,AST,15,17.0,2023,Italian Grand Prix,2023-09-03 13:00:00+00:00,Monza,ITA,9,1693746000
135,ALP,15,-16.0,2023,Italian Grand Prix,2023-09-03 13:00:00+00:00,Monza,ITA,9,1693746000
136,ALT,15,-12.0,2023,Italian Grand Prix,2023-09-03 13:00:00+00:00,Monza,ITA,9,1693746000
137,ALF,15,12.0,2023,Italian Grand Prix,2023-09-03 13:00:00+00:00,Monza,ITA,9,1693746000
138,HAA,15,0.0,2023,Italian Grand Prix,2023-09-03 13:00:00+00:00,Monza,ITA,9,1693746000
139,WIL,15,20.0,2023,Italian Grand Prix,2023-09-03 13:00:00+00:00,Monza,ITA,9,1693746000
140,RED,16,54.0,2023,Singapore Grand Prix,2023-09-17 12:00:00+00:00,Marina Bay,SGP,9,1694952000
141,MER,16,47.0,2023,Singapore Grand Prix,2023-09-17 12:00:00+00:00,Marina Bay,SGP,9,1694952000
142,FER,16,70.0,2023,Singapore Grand Prix,2023-09-17 12:00:00+00:00,Marina Bay,SGP,9,1694952000
143,MCL,16,64.0,2023,Singapore Grand Prix,2023-09-17 12:00:00+00:00,Marina Bay,SGP,9,1694952000
144,AST,16,4.0,2023,Singapore Grand Prix,2023-09-17 12:00:00+00:00,Marina Bay,SGP,9,1694952000
145,ALP,16,13.0,2023,Singapore Grand Prix,2023-09-17 12:00:00+00:00,Marina Bay,SGP,9,1694952000
146,ALT,16,-4.0,2023,Singapore Grand Prix,2023-09-17 12:00:00+00:00,Marina Bay,SGP,9,1694952000
147,ALF,16,-8.0,2023,Singapore Grand Prix,2023-09-17 12:00:00+00:00,Marina Bay,SGP,9,1694952000
148,HAA,16,18.0,2023,Singapore Grand Prix,2023-09-17 12:00:00+00:00,Marina Bay,SGP,9,1694952000
149,WIL,16,19.0,2023,Singapore Grand Prix,2023-09-17 12:00:00+00:00,Marina Bay,SGP,9,1694952000
150,RED,17,46.0,2023,Japanese Grand Prix,2023-09-24 05:00:00+00:00,Suzuka,JPN,9,1695531600
151,MER,17,44.0,2023,Japanese Grand Prix,2023-09-24 05:00:00+00:00,Suzuka,JPN,9,1695531600
152,FER,17,65.0,2023,Japanese Grand Prix,2023-09-24 05:00:00+00:00,Suzuka,JPN,9,1695531600
153,MCL,17,66.0,2023,Japanese Grand Prix,2023-09-24 05:00:00+00:00,Suzuka,JPN,9,1695531600
154,AST,17,7.0,2023,Japanese Grand Prix,2023-09-24 05:00:00+00:00,Suzuka,JPN,9,1695531600
155,ALP,17,20.0,2023,Japanese Grand Prix,2023-09-24 05:00:00+00:00,Suzuka,JPN,9,1695531600
156,ALT,17,15.0,2023,Japanese Grand Prix,2023-09-24 05:00:00+00:00,Suzuka,JPN,9,1695531600
157,ALF,17,-10.0,2023,Japanese Grand Prix,2023-09-24 05:00:00+00:00,Suzuka,JPN,9,1695531600
158,HAA,17,15.0,2023,Japanese Grand Prix,2023-09-24 05:00:00+00:00,Suzuka,JPN,9,1695531600
159,WIL,17,-35.0,2023,Japanese Grand Prix,2023-09-24 05:00:00+00:00,Suzuka,JPN,9,1695531600
160,RED,18,64.0,2023,Qatar Grand Prix,2023-10-08 17:00:00+00:00,Lusail,QAT,10,1696784400
161,MER,18,53.0,2023,Qatar Grand Prix,2023-10-08 17:00:00+00:00,Lusail,QAT,10,1696784400
162,FER,18,18.0,2023,Qatar Grand Prix,2023-10-08 17:00:00+00:00,Lusail,QAT,10,1696784400
163,MCL,18,110.0,2023,Qatar Grand Prix,2023-10-08 17:00:00+00:00,Lusail,QAT,10,1696784400
164,AST,18,47.0,2023,Qatar Grand Prix,2023-10-08 17:00:00+00:00,Lusail,QAT,10,1696784400
165,ALP,18,23.0,2023,Qatar Grand Prix,2023-10-08 17:00:00+00:00,Lusail,QAT,10,1696784400
166,ALT,18,-4.0,2023,Qatar Grand Prix,2023-10-08 17:00:00+00:00,Lusail,QAT,10,1696784400
167,ALF,18,39.0,2023,Qatar Grand Prix,2023-10-08 17:00:00+00:00,Lusail,QAT,10,1696784400
168,HAA,18,6.0,2023,Qatar Grand Prix,2023-10-08 17:00:00+00:00,Lusail,QAT,10,1696784400
169,WIL,18,-10.0,2023,Qatar Grand Prix,2023-10-08 17:00:00+00:00,Lusail,QAT,10,1696784400
170,RED,19,95.0,2023,United States Grand Prix,2023-10-22 19:00:00+00:00,Austin,USA,10,1698001200
171,MER,19,21.0,2023,United States Grand Prix,2023-10-22 19:00:00+00:00,Austin,USA,10,1698001200
172,FER,19,25.0,2023,United States Grand Prix,2023-10-22 19:00:00+00:00,Austin,USA,10,1698001200
173,MCL,19,36.0,2023,United States Grand Prix,2023-10-22 19:00:00+00:00,Austin,USA,10,1698001200
174,AST,19,0.0,2023,United States Grand Prix,2023-10-22 19:00:00+00:00,Austin,USA,10,1698001200
175,ALP,19,27.0,2023,United States Grand Prix,2023-10-22 19:00:00+00:00,Austin,USA,10,1698001200
176,ALT,19,34.0,2023,United States Grand Prix,2023-10-22 19:00:00+00:00,Austin,USA,10,1698001200
177,ALF,19,15.0,2023,United States Grand Prix,2023-10-22 19:00:00+00:00,Austin,USA,10,1698001200
178,HAA,19,30.0,2023,United States Grand Prix,2023-10-22 19:00:00+00:00,Austin,USA,10,1698001200
179,WIL,19,29.0,2023,United States Grand Prix,2023-10-22 19:00:00+00:00,Austin,USA,10,1698001200
180,RED,20,45.0,2023,Mexico City Grand Prix,2023-10-29 20:00:00+00:00,Mexico City,MEX,10,1698609600
181,MER,20,69.0,2023,Mexico City Grand Prix,2023-10-29 20:00:00+00:00,Mexico City,MEX,10,1698609600
182,FER,20,63.0,2023,Mexico City Grand Prix,2023-10-29 20:00:00+00:00,Mexico City,MEX,10,1698609600
183,MCL,20,57.0,2023,Mexico City Grand Prix,2023-10-29 20:00:00+00:00,Mexico City,MEX,10,1698609600
184,AST,20,-7.0,2023,Mexico City Grand Prix,2023-10-29 20:00:00+00:00,Mexico City,MEX,10,1698609600
185,ALP,20,21.0,2023,Mexico City Grand Prix,2023-10-29 20:00:00+00:00,Mexico City,MEX,10,1698609600
186,ALT,20,42.0,2023,Mexico City Grand Prix,2023-10-29 20:00:00+00:00,Mexico City,MEX,10,1698609600
187,ALF,20,14.0,2023,Mexico City Grand Prix,2023-10-29 20:00:00+00:00,Mexico City,MEX,10,1698609600
188,HAA,20,-7.0,2023,Mexico City Grand Prix,2023-10-29 20:00:00+00:00,Mexico City,MEX,10,1698609600
189,WIL,20,20.0,2023,Mexico City Grand Prix,2023-10-29 20:00:00+00:00,Mexico City,MEX,10,1698609600
190,RED,21,105.0,2023,São Paulo Grand Prix,2023-11-05 17:00:00+00:00,São Paulo,BRA,11,1699203600
191,MER,21,24.0,2023,São Paulo Grand Prix,2023-11-05 17:00:00+00:00,São Paulo,BRA,11,1699203600
192,FER,21,28.0,2023,São Paulo Grand Prix,2023-11-05 17:00:00+00:00,São Paulo,BRA,11,1699203600
193,MCL,21,65.0,2023,São Paulo Grand Prix,2023-11-05 17:00:00+00:00,São Paulo,BRA,11,1699203600
194,AST,21,77.0,2023,São Paulo Grand Prix,2023-11-05 17:00:00+00:00,São Paulo,BRA,11,1699203600
195,ALP,21,44.0,2023,São Paulo Grand Prix,2023-11-05 17:00:00+00:00,São Paulo,BRA,11,1699203600
196,ALT,21,31.0,2023,São Paulo Grand Prix,2023-11-05 17:00:00+00:00,São Paulo,BRA,11,1699203600
197,ALF,21,-31.0,2023,São Paulo Grand Prix,2023-11-05 17:00:00+00:00,São Paulo,BRA,11,1699203600
198,HAA,21,-19.0,2023,São Paulo Grand Prix,2023-11-05 17:00:00+00:00,São Paulo,BRA,11,1699203600
199,WIL,21,2.0,2023,São Paulo Grand Prix,2023-11-05 17:00:00+00:00,São Paulo,BRA,11,1699203600
200,RED,22,84.0,2023,Las Vegas Grand Prix,2023-11-19 06:00:00+00:00,Las Vegas,USA,11,1700373600
201,MER,22,45.0,2023,Las Vegas Grand Prix,2023-11-19 06:00:00+00:00,Las Vegas,USA,11,1700373600
202,FER,22,78.0,2023,Las Vegas Grand Prix,2023-11-19 06:00:00+00:00,Las Vegas,USA,11,1700373600
203,MCL,22,34.0,2023,Las Vegas Grand Prix,2023-11-19 06:00:00+00:00,Las Vegas,USA,11,1700373600
204,AST,22,56.0,2023,Las Vegas Grand Prix,2023-11-19 06:00:00+00:00,Las Vegas,USA,11,1700373600
205,ALP,22,46.0,2023,Las Vegas Grand Prix,2023-11-19 06:00:00+00:00,Las Vegas,USA,11,1700373600
206,ALT,22,26.0,2023,Las Vegas Grand Prix,2023-11-19 06:00:00+00:00,Las Vegas,USA,11,1700373600
207,ALF,22,12.0,2023,Las Vegas Grand Prix,2023-11-19 06:00:00+00:00,Las Vegas,USA,11,1700373600
208,HAA,22,12.0,2023,Las Vegas Grand Prix,2023-11-19 06:00:00+00:00,Las Vegas,USA,11,1700373600
209,WIL,22,7.0,2023,Las Vegas Grand Prix,2023-11-19 06:00:00+00:00,Las Vegas,USA,11,1700373600
210,RED,23,87.0,2023,Abu Dhabi Grand Prix,2023-11-26 13:00:00+00:00,Yas Island,UAE,11,1701003600
211,MER,23,51.0,2023,Abu Dhabi Grand Prix,2023-11-26 13:00:00+00:00,Yas Island,UAE,11,1701003600
212,FER,23,48.0,2023,Abu Dhabi Grand Prix,2023-11-26 13:00:00+00:00,Yas Island,UAE,11,1701003600
213,MCL,23,59.0,2023,Abu Dhabi Grand Prix,2023-11-26 13:00:00+00:00,Yas Island,UAE,11,1701003600
214,AST,23,32.0,2023,Abu Dhabi Grand Prix,2023-11-26 13:00:00+00:00,Yas Island,UAE,11,1701003600
215,ALP,23,11.0,2023,Abu Dhabi Grand Prix,2023-11-26 13:00:00+00:00,Yas Island,UAE,11,1701003600
216,ALT,23,27.0,2023,Abu Dhabi Grand Prix,2023-11-26 13:00:00+00:00,Yas Island,UAE,11,1701003600
217,ALF,23,13.0,2023,Abu Dhabi Grand Prix,2023-11-26 13:00:00+00:00,Yas Island,UAE,11,1701003600
218,HAA,23,2.0,2023,Abu Dhabi Grand Prix,2023-11-26 13:00:00+00:00,Yas Island,UAE,11,1701003600
219,WIL,23,12.0,2023,Abu Dhabi Grand Prix,2023-11-26 13:00:00+00:00,Yas Island,UAE,11,1701003600
220,MCL,1,36.0,2024,Bahrain Grand Prix,2024-03-02 15:00:00+00:00,Sakhir,BRN,3,1709391600
221,RED,1,89.0,2024,Bahrain Grand Prix,2024-03-02 15:00:00+00:00,Sakhir,BRN,3,1709391600
222,FER,1,73.0,2024,Bahrain Grand Prix,2024-03-02 15:00:00+00:00,Sakhir,BRN,3,1709391600
223,MER,1,42.0,2024,Bahrain Grand Prix,2024-03-02 15:00:00+00:00,Sakhir,BRN,3,1709391600
224,AST,1,20.0,2024,Bahrain Grand Prix,2024-03-02 15:00:00+00:00,Sakhir,BRN,3,1709391600
225,HAA,1,9.0,2024,Bahrain Grand Prix,2024-03-02 15:00:00+00:00,Sakhir,BRN,3,1709391600
226,ALP,1,12.0,2024,Bahrain Grand Prix,2024-03-02 15:00:00+00:00,Sakhir,BRN,3,1709391600
227,VRB,1,7.0,2024,Bahrain Grand Prix,2024-03-02 15:00:00+00:00,Sakhir,BRN,3,1709391600
228,KCK,1,10.0,2024,Bahrain Grand Prix,2024-03-02 15:00:00+00:00,Sakhir,BRN,3,1709391600
229,WIL,1,4.0,2024,Bahrain Grand Prix,2024-03-02 15:00:00+00:00,Sakhir,BRN,3,1709391600
230,AVG,1,30.2,2024,Bahrain Grand Prix,2024-03-02 15:00:00+00:00,Sakhir,BRN,3,1709391600
231,MCL,2,41.0,2024,Saudi Arabian Grand Prix,2024-03-09 17:00:00+00:00,Jeddah,KSA,3,1710003600
232,RED,2,90.0,2024,Saudi Arabian Grand Prix,2024-03-09 17:00:00+00:00,Jeddah,KSA,3,1710003600
233,FER,2,58.0,2024,Saudi Arabian Grand Prix,2024-03-09 17:00:00+00:00,Jeddah,KSA,3,1710003600
234,MER,2,36.0,2024,Saudi Arabian Grand Prix,2024-03-09 17:00:00+00:00,Jeddah,KSA,3,1710003600
235,AST,2,9.0,2024,Saudi Arabian Grand Prix,2024-03-09 17:00:00+00:00,Jeddah,KSA,3,1710003600
236,HAA,2,19.0,2024,Saudi Arabian Grand Prix,2024-03-09 17:00:00+00:00,Jeddah,KSA,3,1710003600
237,ALP,2,-13.0,2024,Saudi Arabian Grand Prix,2024-03-09 17:00:00+00:00,Jeddah,KSA,3,1710003600
238,VRB,2,4.0,2024,Saudi Arabian Grand Prix,2024-03-09 17:00:00+00:00,Jeddah,KSA,3,1710003600
239,KCK,2,-4.0,2024,Saudi Arabian Grand Prix,2024-03-09 17:00:00+00:00,Jeddah,KSA,3,1710003600
240,WIL,2,14.0,2024,Saudi Arabian Grand Prix,2024-03-09 17:00:00+00:00,Jeddah,KSA,3,1710003600
241,AVG,2,25.4,2024,Saudi Arabian Grand Prix,2024-03-09 17:00:00+00:00,Jeddah,KSA,3,1710003600
242,MCL,3,54.0,2024,Australian Grand Prix,2024-03-24 04:00:00+00:00,Melbourne,AUS,3,1711252800
243,RED,3,32.0,2024,Australian Grand Prix,2024-03-24 04:00:00+00:00,Melbourne,AUS,3,1711252800
244,FER,3,92.0,2024,Australian Grand Prix,2024-03-24 04:00:00+00:00,Melbourne,AUS,3,1711252800
245,MER,3,-17.0,2024,Australian Grand Prix,2024-03-24 04:00:00+00:00,Melbourne,AUS,3,1711252800
246,AST,3,35.0,2024,Australian Grand Prix,2024-03-24 04:00:00+00:00,Melbourne,AUS,3,1711252800
247,HAA,3,20.0,2024,Australian Grand Prix,2024-03-24 04:00:00+00:00,Melbourne,AUS,3,1711252800
248,ALP,3,6.0,2024,Australian Grand Prix,2024-03-24 04:00:00+00:00,Melbourne,AUS,3,1711252800
249,VRB,3,24.0,2024,Australian Grand Prix,2024-03-24 04:00:00+00:00,Melbourne,AUS,3,1711252800
250,KCK,3,7.0,2024,Australian Grand Prix,2024-03-24 04:00:00+00:00,Melbourne,AUS,3,1711252800
251,WIL,3,5.0,2024,Australian Grand Prix,2024-03-24 04:00:00+00:00,Melbourne,AUS,3,1711252800
252,AVG,3,25.8,2024,Australian Grand Prix,2024-03-24 04:00:00+00:00,Melbourne,AUS,3,1711252800
253,MCL,4,39.0,2024,Japanese Grand Prix,2024-04-07 05:00:00+00:00,Suzuka,JPN,4,1712466000
254,RED,4,108.0,2024,Japanese Grand Prix,2024-04-07 05:00:00+00:00,Suzuka,JPN,4,1712466000
255,FER,4,59.0,2024,Japanese Grand Prix,2024-04-07 05:00:00+00:00,Suzuka,JPN,4,1712466000
256,MER,4,28.0,2024,Japanese Grand Prix,2024-04-07 05:00:00+00:00,Suzuka,JPN,4,1712466000
257,AST,4,32.0,2024,Japanese Grand Prix,2024-04-07 05:00:00+00:00,Suzuka,JPN,4,1712466000
258,HAA,4,20.0,2024,Japanese Grand Prix,2024-04-07 05:00:00+00:00,Suzuka,JPN,4,1712466000
259,ALP,4,11.0,2024,Japanese Grand Prix,2024-04-07 05:00:00+00:00,Suzuka,JPN,4,1712466000
260,VRB,4,-4.0,2024,Japanese Grand Prix,2024-04-07 05:00:00+00:00,Suzuka,JPN,4,1712466000
261,KCK,4,-8.0,2024,Japanese Grand Prix,2024-04-07 05:00:00+00:00,Suzuka,JPN,4,1712466000
262,WIL,4,-10.0,2024,Japanese Grand Prix,2024-04-07 05:00:00+00:00,Suzuka,JPN,4,1712466000
263,AVG,4,27.5,2024,Japanese Grand Prix,2024-04-07 05:00:00+00:00,Suzuka,JPN,4,1712466000
264,MCL,5,48.0,2024,Chinese Grand Prix,2024-04-21 07:00:00+00:00,Shanghai,CHN,4,1713682800
265,RED,5,126.0,2024,Chinese Grand Prix,2024-04-21 07:00:00+00:00,Shanghai,CHN,4,1713682800
266,FER,5,74.0,2024,Chinese Grand Prix,2024-04-21 07:00:00+00:00,Shanghai,CHN,4,1713682800
267,MER,5,62.0,2024,Chinese Grand Prix,2024-04-21 07:00:00+00:00,Shanghai,CHN,4,1713682800
268,AST,5,29.0,2024,Chinese Grand Prix,2024-04-21 07:00:00+00:00,Shanghai,CHN,4,1713682800
269,HAA,5,26.0,2024,Chinese Grand Prix,2024-04-21 07:00:00+00:00,Shanghai,CHN,4,1713682800
270,ALP,5,28.0,2024,Chinese Grand Prix,2024-04-21 07:00:00+00:00,Shanghai,CHN,4,1713682800
271,VRB,5,-14.0,2024,Chinese Grand Prix,2024-04-21 07:00:00+00:00,Shanghai,CHN,4,1713682800
272,KCK,5,4.0,2024,Chinese Grand Prix,2024-04-21 07:00:00+00:00,Shanghai,CHN,4,1713682800
273,WIL,5,20.0,2024,Chinese Grand Prix,2024-04-21 07:00:00+00:00,Shanghai,CHN,4,1713682800
274,AVG,5,40.3,2024,Chinese Grand Prix,2024-04-21 07:00:00+00:00,Shanghai,CHN,4,1713682800
275,MCL,6,50.0,2024,Miami Grand Prix,2024-05-05 20:00:00+00:00,Miami,USA,5,1714939200
276,RED,6,85.0,2024,Miami Grand Prix,2024-05-05 20:00:00+00:00,Miami,USA,5,1714939200
277,FER,6,79.0,2024,Miami Grand Prix,2024-05-05 20:00:00+00:00,Miami,USA,5,1714939200
278,MER,6,40.0,2024,Miami Grand Prix,2024-05-05 20:00:00+00:00,Miami,USA,5,1714939200
279,AST,6,-7.0,2024,Miami Grand Prix,2024-05-05 20:00:00+00:00,Miami,USA,5,1714939200
280,HAA,6,19.0,2024,Miami Grand Prix,2024-05-05 20:00:00+00:00,Miami,USA,5,1714939200
281,ALP,6,29.0,2024,Miami Grand Prix,2024-05-05 20:00:00+00:00,Miami,USA,5,1714939200
282,VRB,6,44.0,2024,Miami Grand Prix,2024-05-05 20:00:00+00:00,Miami,USA,5,1714939200
283,KCK,6,29.0,2024,Miami Grand Prix,2024-05-05 20:00:00+00:00,Miami,USA,5,1714939200
284,WIL,6,4.0,2024,Miami Grand Prix,2024-05-05 20:00:00+00:00,Miami,USA,5,1714939200
285,AVG,6,37.2,2024,Miami Grand Prix,2024-05-05 20:00:00+00:00,Miami,USA,5,1714939200
286,MCL,7,64.0,2024,Emilia Romagna Grand Prix,2024-05-19 13:00:00+00:00,Imola,ITA,5,1716123600
287,RED,7,61.0,2024,Emilia Romagna Grand Prix,2024-05-19 13:00:00+00:00,Imola,ITA,5,1716123600
288,FER,7,51.0,2024,Emilia Romagna Grand Prix,2024-05-19 13:00:00+00:00,Imola,ITA,5,1716123600
289,MER,7,54.0,2024,Emilia Romagna Grand Prix,2024-05-19 13:00:00+00:00,Imola,ITA,5,1716123600
290,AST,7,15.0,2024,Emilia Romagna Grand Prix,2024-05-19 13:00:00+00:00,Imola,ITA,5,1716123600
291,HAA,7,21.0,2024,Emilia Romagna Grand Prix,2024-05-19 13:00:00+00:00,Imola,ITA,5,1716123600
292,ALP,7,5.0,2024,Emilia Romagna Grand Prix,2024-05-19 13:00:00+00:00,Imola,ITA,5,1716123600
293,VRB,7,12.0,2024,Emilia Romagna Grand Prix,2024-05-19 13:00:00+00:00,Imola,ITA,5,1716123600
294,KCK,7,2.0,2024,Emilia Romagna Grand Prix,2024-05-19 13:00:00+00:00,Imola,ITA,5,1716123600
295,WIL,7,-21.0,2024,Emilia Romagna Grand Prix,2024-05-19 13:00:00+00:00,Imola,ITA,5,1716123600
296,AVG,7,26.4,2024,Emilia Romagna Grand Prix,2024-05-19 13:00:00+00:00,Imola,ITA,5,1716123600
297,MCL,8,56.0,2024,Monaco Grand Prix,2024-05-26 13:00:00+00:00,Monaco,MON,5,1716728400
298,RED,8,8.0,2024,Monaco Grand Prix,2024-05-26 13:00:00+00:00,Monaco,MON,5,1716728400
299,FER,8,68.0,2024,Monaco Grand Prix,2024-05-26 13:00:00+00:00,Monaco,MON,5,1716728400
300,MER,8,46.0,2024,Monaco Grand Prix,2024-05-26 13:00:00+00:00,Monaco,MON,5,1716728400
301,AST,8,13.0,2024,Monaco Grand Prix,2024-05-26 13:00:00+00:00,Monaco,MON,5,1716728400
302,HAA,8,-65.0,2024,Monaco Grand Prix,2024-05-26 13:00:00+00:00,Monaco,MON,5,1716728400
303,ALP,8,-12.0,2024,Monaco Grand Prix,2024-05-26 13:00:00+00:00,Monaco,MON,5,1716728400
304,VRB,8,12.0,2024,Monaco Grand Prix,2024-05-26 13:00:00+00:00,Monaco,MON,5,1716728400
305,KCK,8,12.0,2024,Monaco Grand Prix,2024-05-26 13:00:00+00:00,Monaco,MON,5,1716728400
306,WIL,8,11.0,2024,Monaco Grand Prix,2024-05-26 13:00:00+00:00,Monaco,MON,5,1716728400
307,AVG,8,14.9,2024,Monaco Grand Prix,2024-05-26 13:00:00+00:00,Monaco,MON,5,1716728400
308,MCL,9,57.0,2024,Canadian Grand Prix,2024-06-09 18:00:00+00:00,Montréal,CAN,6,1717956000
309,RED,9,25.0,2024,Canadian Grand Prix,2024-06-09 18:00:00+00:00,Montréal,CAN,6,1717956000
310,FER,9,-16.0,2024,Canadian Grand Prix,2024-06-09 18:00:00+00:00,Montréal,CAN,6,1717956000
311,MER,9,74.0,2024,Canadian Grand Prix,2024-06-09 18:00:00+00:00,Montréal,CAN,6,1717956000
312,AST,9,38.0,2024,Canadian Grand Prix,2024-06-09 18:00:00+00:00,Montréal,CAN,6,1717956000
313,HAA,9,34.0,2024,Canadian Grand Prix,2024-06-09 18:00:00+00:00,Montréal,CAN,6,1717956000
314,ALP,9,31.0,2024,Canadian Grand Prix,2024-06-09 18:00:00+00:00,Montréal,CAN,6,1717956000
315,VRB,9,19.0,2024,Canadian Grand Prix,2024-06-09 18:00:00+00:00,Montréal,CAN,6,1717956000
316,KCK,9,13.0,2024,Canadian Grand Prix,2024-06-09 18:00:00+00:00,Montréal,CAN,6,1717956000
317,WIL,9,-26.0,2024,Canadian Grand Prix,2024-06-09 18:00:00+00:00,Montréal,CAN,6,1717956000
318,AVG,9,24.9,2024,Canadian Grand Prix,2024-06-09 18:00:00+00:00,Montréal,CAN,6,1717956000
319,MCL,10,66.0,2024,Spanish Grand Prix,2024-06-23 13:00:00+00:00,Barcelona,ESP,6,1719147600
320,RED,10,82.0,2024,Spanish Grand Prix,2024-06-23 13:00:00+00:00,Barcelona,ESP,6,1719147600
321,FER,10,44.0,2024,Spanish Grand Prix,2024-06-23 13:00:00+00:00,Barcelona,ESP,6,1719147600
322,MER,10,66.0,2024,Spanish Grand Prix,2024-06-23 13:00:00+00:00,Barcelona,ESP,6,1719147600
323,AST,10,10.0,2024,Spanish Grand Prix,2024-06-23 13:00:00+00:00,Barcelona,ESP,6,1719147600
324,HAA,10,11.0,2024,Spanish Grand Prix,2024-06-23 13:00:00+00:00,Barcelona,ESP,6,1719147600
325,ALP,10,24.0,2024,Spanish Grand Prix,2024-06-23 13:00:00+00:00,Barcelona,ESP,6,1719147600
326,VRB,10,10.0,2024,Spanish Grand Prix,2024-06-23 13:00:00+00:00,Barcelona,ESP,6,1719147600
327,KCK,10,8.0,2024,Spanish Grand Prix,2024-06-23 13:00:00+00:00,Barcelona,ESP,6,1719147600
328,WIL,10,4.0,2024,Spanish Grand Prix,2024-06-23 13:00:00+00:00,Barcelona,ESP,6,1719147600
329,AVG,10,32.5,2024,Spanish Grand Prix,2024-06-23 13:00:00+00:00,Barcelona,ESP,6,1719147600
330,MCL,11,55.0,2024,Austrian Grand Prix,2024-06-30 13:00:00+00:00,Spielberg,AUT,6,1719752400
331,RED,11,56.0,2024,Austrian Grand Prix,2024-06-30 13:00:00+00:00,Spielberg,AUT,6,1719752400
332,FER,11,69.0,2024,Austrian Grand Prix,2024-06-30 13:00:00+00:00,Spielberg,AUT,6,1719752400
333,MER,11,76.0,2024,Austrian Grand Prix,2024-06-30 13:00:00+00:00,Spielberg,AUT,6,1719752400
334,AST,11,27.0,2024,Austrian Grand Prix,2024-06-30 13:00:00+00:00,Spielberg,AUT,6,1719752400
335,HAA,11,41.0,2024,Austrian Grand Prix,2024-06-30 13:00:00+00:00,Spielberg,AUT,6,1719752400
336,ALP,11,21.0,2024,Austrian Grand Prix,2024-06-30 13:00:00+00:00,Spielberg,AUT,6,1719752400
337,VRB,11,23.0,2024,Austrian Grand Prix,2024-06-30 13:00:00+00:00,Spielberg,AUT,6,1719752400
338,KCK,11,9.0,2024,Austrian Grand Prix,2024-06-30 13:00:00+00:00,Spielberg,AUT,6,1719752400
339,WIL,11,11.0,2024,Austrian Grand Prix,2024-06-30 13:00:00+00:00,Spielberg,AUT,6,1719752400
340,AVG,11,38.8,2024,Austrian Grand Prix,2024-06-30 13:00:00+00:00,Spielberg,AUT,6,1719752400
341,MCL,12,59.0,2024,British Grand Prix,2024-07-07 14:00:00+00:00,Silverstone,GBR,7,1720360800
342,RED,12,55.0,2024,British Grand Prix,2024-07-07 14:00:00+00:00,Silverstone,GBR,7,1720360800
343,FER,12,35.0,2024,British Grand Prix,2024-07-07 14:00:00+00:00,Silverstone,GBR,7,1720360800
344,MER,12,38.0,2024,British Grand Prix,2024-07-07 14:00:00+00:00,Silverstone,GBR,7,1720360800
345,AST,12,31.0,2024,British Grand Prix,2024-07-07 14:00:00+00:00,Silverstone,GBR,7,1720360800
346,HAA,12,30.0,2024,British Grand Prix,2024-07-07 14:00:00+00:00,Silverstone,GBR,7,1720360800
347,ALP,12,-12.0,2024,British Grand Prix,2024-07-07 14:00:00+00:00,Silverstone,GBR,7,1720360800
348,VRB,12,16.0,2024,British Grand Prix,2024-07-07 14:00:00+00:00,Silverstone,GBR,7,1720360800
349,KCK,12,3.0,2024,British Grand Prix,2024-07-07 14:00:00+00:00,Silverstone,GBR,7,1720360800
350,WIL,12,15.0,2024,British Grand Prix,2024-07-07 14:00:00+00:00,Silverstone,GBR,7,1720360800
351,AVG,12,27.0,2024,British Grand Prix,2024-07-07 14:00:00+00:00,Silverstone,GBR,7,1720360800
352,MCL,13,74.0,2024,Hungarian Grand Prix,2024-07-21 13:00:00+00:00,Budapest,HUN,7,1721566800
353,RED,13,47.0,2024,Hungarian Grand Prix,2024-07-21 13:00:00+00:00,Budapest,HUN,7,1721566800
354,FER,13,47.0,2024,Hungarian Grand Prix,2024-07-21 13:00:00+00:00,Budapest,HUN,7,1721566800
355,MER,13,58.0,2024,Hungarian Grand Prix,2024-07-21 13:00:00+00:00,Budapest,HUN,7,1721566800
356,AST,13,23.0,2024,Hungarian Grand Prix,2024-07-21 13:00:00+00:00,Budapest,HUN,7,1721566800
357,HAA,13,10.0,2024,Hungarian Grand Prix,2024-07-21 13:00:00+00:00,Budapest,HUN,7,1721566800
358,ALP,13,-10.0,2024,Hungarian Grand Prix,2024-07-21 13:00:00+00:00,Budapest,HUN,7,1721566800
359,VRB,13,25.0,2024,Hungarian Grand Prix,2024-07-21 13:00:00+00:00,Budapest,HUN,7,1721566800
360,KCK,13,2.0,2024,Hungarian Grand Prix,2024-07-21 13:00:00+00:00,Budapest,HUN,7,1721566800
361,WIL,13,9.0,2024,Hungarian Grand Prix,2024-07-21 13:00:00+00:00,Budapest,HUN,7,1721566800
362,AVG,13,28.5,2024,Hungarian Grand Prix,2024-07-21 13:00:00+00:00,Budapest,HUN,7,1721566800
363,MCL,14,67.0,2024,Belgian Grand Prix,2024-07-28 13:00:00+00:00,Spa-Francorchamps,BEL,7,1722171600
364,RED,14,69.0,2024,Belgian Grand Prix,2024-07-28 13:00:00+00:00,Spa-Francorchamps,BEL,7,1722171600
365,FER,14,47.0,2024,Belgian Grand Prix,2024-07-28 13:00:00+00:00,Spa-Francorchamps,BEL,7,1722171600
366,MER,14,25.0,2024,Belgian Grand Prix,2024-07-28 13:00:00+00:00,Spa-Francorchamps,BEL,7,1722171600
367,AST,14,21.0,2024,Belgian Grand Prix,2024-07-28 13:00:00+00:00,Spa-Francorchamps,BEL,7,1722171600
368,HAA,14,7.0,2024,Belgian Grand Prix,2024-07-28 13:00:00+00:00,Spa-Francorchamps,BEL,7,1722171600
369,ALP,14,18.0,2024,Belgian Grand Prix,2024-07-28 13:00:00+00:00,Spa-Francorchamps,BEL,7,1722171600
370,VRB,14,18.0,2024,Belgian Grand Prix,2024-07-28 13:00:00+00:00,Spa-Francorchamps,BEL,7,1722171600
371,KCK,14,-14.0,2024,Belgian Grand Prix,2024-07-28 13:00:00+00:00,Spa-Francorchamps,BEL,7,1722171600
372,WIL,14,5.0,2024,Belgian Grand Prix,2024-07-28 13:00:00+00:00,Spa-Francorchamps,BEL,7,1722171600
373,AVG,14,26.3,2024,Belgian Grand Prix,2024-07-28 13:00:00+00:00,Spa-Francorchamps,BEL,7,1722171600
374,MCL,15,81.0,2024,Dutch Grand Prix,2024-08-25 13:00:00+00:00,Zandvoort,NED,8,1724590800
375,RED,15,52.0,2024,Dutch Grand Prix,2024-08-25 13:00:00+00:00,Zandvoort,NED,8,1724590800
376,FER,15,59.0,2024,Dutch Grand Prix,2024-08-25 13:00:00+00:00,Zandvoort,NED,8,1724590800
377,MER,15,39.0,2024,Dutch Grand Prix,2024-08-25 13:00:00+00:00,Zandvoort,NED,8,1724590800
378,AST,15,17.0,2024,Dutch Grand Prix,2024-08-25 13:00:00+00:00,Zandvoort,NED,8,1724590800
379,HAA,15,16.0,2024,Dutch Grand Prix,2024-08-25 13:00:00+00:00,Zandvoort,NED,8,1724590800
380,ALP,15,17.0,2024,Dutch Grand Prix,2024-08-25 13:00:00+00:00,Zandvoort,NED,8,1724590800
381,VRB,15,15.0,2024,Dutch Grand Prix,2024-08-25 13:00:00+00:00,Zandvoort,NED,8,1724590800
382,KCK,15,-2.0,2024,Dutch Grand Prix,2024-08-25 13:00:00+00:00,Zandvoort,NED,8,1724590800
383,WIL,15,-2.0,2024,Dutch Grand Prix,2024-08-25 13:00:00+00:00,Zandvoort,NED,8,1724590800
384,AVG,15,29.2,2024,Dutch Grand Prix,2024-08-25 13:00:00+00:00,Zandvoort,NED,8,1724590800
385,MCL,16,83.0,2024,Italian Grand Prix,2024-09-01 13:00:00+00:00,Monza,ITA,9,1725195600
386,RED,16,40.0,2024,Italian Grand Prix,2024-09-01 13:00:00+00:00,Monza,ITA,9,1725195600
387,FER,16,65.0,2024,Italian Grand Prix,2024-09-01 13:00:00+00:00,Monza,ITA,9,1725195600
388,MER,16,49.0,2024,Italian Grand Prix,2024-09-01 13:00:00+00:00,Monza,ITA,9,1725195600
389,AST,16,11.0,2024,Italian Grand Prix,2024-09-01 13:00:00+00:00,Monza,ITA,9,1725195600
390,HAA,16,11.0,2024,Italian Grand Prix,2024-09-01 13:00:00+00:00,Monza,ITA,9,1725195600
391,ALP,16,18.0,2024,Italian Grand Prix,2024-09-01 13:00:00+00:00,Monza,ITA,9,1725195600
392,VRB,16,-15.0,2024,Italian Grand Prix,2024-09-01 13:00:00+00:00,Monza,ITA,9,1725195600
393,KCK,16,9.0,2024,Italian Grand Prix,2024-09-01 13:00:00+00:00,Monza,ITA,9,1725195600
394,WIL,16,22.0,2024,Italian Grand Prix,2024-09-01 13:00:00+00:00,Monza,ITA,9,1725195600
395,AVG,16,29.3,2024,Italian Grand Prix,2024-09-01 13:00:00+00:00,Monza,ITA,9,1725195600
396,MCL,17,85.0,2024,Azerbaijan Grand Prix,2024-09-15 11:00:00+00:00,Baku,AZE,9,1726398000
397,RED,17,26.0,2024,Azerbaijan Grand Prix,2024-09-15 11:00:00+00:00,Baku,AZE,9,1726398000
398,FER,17,34.0,2024,Azerbaijan Grand Prix,2024-09-15 11:00:00+00:00,Baku,AZE,9,1726398000
399,MER,17,65.0,2024,Azerbaijan Grand Prix,2024-09-15 11:00:00+00:00,Baku,AZE,9,1726398000
400,AST,17,16.0,2024,Azerbaijan Grand Prix,2024-09-15 11:00:00+00:00,Baku,AZE,9,1726398000
401,HAA,17,16.0,2024,Azerbaijan Grand Prix,2024-09-15 11:00:00+00:00,Baku,AZE,9,1726398000
402,ALP,17,2.0,2024,Azerbaijan Grand Prix,2024-09-15 11:00:00+00:00,Baku,AZE,9,1726398000
403,VRB,17,-14.0,2024,Azerbaijan Grand Prix,2024-09-15 11:00:00+00:00,Baku,AZE,9,1726398000
404,KCK,17,17.0,2024,Azerbaijan Grand Prix,2024-09-15 11:00:00+00:00,Baku,AZE,9,1726398000
405,WIL,17,31.0,2024,Azerbaijan Grand Prix,2024-09-15 11:00:00+00:00,Baku,AZE,9,1726398000
406,AVG,17,27.8,2024,Azerbaijan Grand Prix,2024-09-15 11:00:00+00:00,Baku,AZE,9,1726398000
407,MCL,18,81.0,2024,Singapore Grand Prix,2024-09-22 12:00:00+00:00,Marina Bay,SGP,9,1727006400
408,RED,18,47.0,2024,Singapore Grand Prix,2024-09-22 12:00:00+00:00,Marina Bay,SGP,9,1727006400
409,FER,18,49.0,2024,Singapore Grand Prix,2024-09-22 12:00:00+00:00,Marina Bay,SGP,9,1727006400
410,MER,18,49.0,2024,Singapore Grand Prix,2024-09-22 12:00:00+00:00,Marina Bay,SGP,9,1727006400
411,AST,18,18.0,2024,Singapore Grand Prix,2024-09-22 12:00:00+00:00,Marina Bay,SGP,9,1727006400
412,HAA,18,10.0,2024,Singapore Grand Prix,2024-09-22 12:00:00+00:00,Marina Bay,SGP,9,1727006400
413,ALP,18,11.0,2024,Singapore Grand Prix,2024-09-22 12:00:00+00:00,Marina Bay,SGP,9,1727006400
414,VRB,18,22.0,2024,Singapore Grand Prix,2024-09-22 12:00:00+00:00,Marina Bay,SGP,9,1727006400
415,KCK,18,8.0,2024,Singapore Grand Prix,2024-09-22 12:00:00+00:00,Marina Bay,SGP,9,1727006400
416,WIL,18,-7.0,2024,Singapore Grand Prix,2024-09-22 12:00:00+00:00,Marina Bay,SGP,9,1727006400
417,AVG,18,28.8,2024,Singapore Grand Prix,2024-09-22 12:00:00+00:00,Marina Bay,SGP,9,1727006400
418,MCL,19,80.0,2024,United States Grand Prix,2024-10-20 19:00:00+00:00,Austin,USA,10,1729450800
419,RED,19,72.0,2024,United States Grand Prix,2024-10-20 19:00:00+00:00,Austin,USA,10,1729450800
420,FER,19,97.0,2024,United States Grand Prix,2024-10-20 19:00:00+00:00,Austin,USA,10,1729450800
421,MER,19,33.0,2024,United States Grand Prix,2024-10-20 19:00:00+00:00,Austin,USA,10,1729450800
422,AST,19,5.0,2024,United States Grand Prix,2024-10-20 19:00:00+00:00,Austin,USA,10,1729450800
423,HAA,19,25.0,2024,United States Grand Prix,2024-10-20 19:00:00+00:00,Austin,USA,10,1729450800
424,ALP,19,14.0,2024,United States Grand Prix,2024-10-20 19:00:00+00:00,Austin,USA,10,1729450800
425,VRB,19,28.0,2024,United States Grand Prix,2024-10-20 19:00:00+00:00,Austin,USA,10,1729450800
426,KCK,19,6.0,2024,United States Grand Prix,2024-10-20 19:00:00+00:00,Austin,USA,10,1729450800
427,WIL,19,19.0,2024,United States Grand Prix,2024-10-20 19:00:00+00:00,Austin,USA,10,1729450800
428,AVG,19,37.9,2024,United States Grand Prix,2024-10-20 19:00:00+00:00,Austin,USA,10,1729450800
429,MCL,20,73.0,2024,Mexico City Grand Prix,2024-10-27 20:00:00+00:00,Mexico City,MEX,10,1730059200
430,RED,20,41.0,2024,Mexico City Grand Prix,2024-10-27 20:00:00+00:00,Mexico City,MEX,10,1730059200
431,FER,20,82.0,2024,Mexico City Grand Prix,2024-10-27 20:00:00+00:00,Mexico City,MEX,10,1730059200
432,MER,20,54.0,2024,Mexico City Grand Prix,2024-10-27 20:00:00+00:00,Mexico City,MEX,10,1730059200
433,AST,20,-5.0,2024,Mexico City Grand Prix,2024-10-27 20:00:00+00:00,Mexico City,MEX,10,1730059200
434,HAA,20,34.0,2024,Mexico City Grand Prix,2024-10-27 20:00:00+00:00,Mexico City,MEX,10,1730059200
435,ALP,20,21.0,2024,Mexico City Grand Prix,2024-10-27 20:00:00+00:00,Mexico City,MEX,10,1730059200
436,VRB,20,-13.0,2024,Mexico City Grand Prix,2024-10-27 20:00:00+00:00,Mexico City,MEX,10,1730059200
437,KCK,20,10.0,2024,Mexico City Grand Prix,2024-10-27 20:00:00+00:00,Mexico City,MEX,10,1730059200
438,WIL,20,-5.0,2024,Mexico City Grand Prix,2024-10-27 20:00:00+00:00,Mexico City,MEX,10,1730059200
439,AVG,20,29.2,2024,Mexico City Grand Prix,2024-10-27 20:00:00+00:00,Mexico City,MEX,10,1730059200
440,MCL,21,50.0,2024,São Paulo Grand Prix,2024-11-03 15:30:00+00:00,São Paulo,BRA,11,1730647800
441,RED,21,96.0,2024,São Paulo Grand Prix,2024-11-03 15:30:00+00:00,São Paulo,BRA,11,1730647800
442,FER,21,24.0,2024,São Paulo Grand Prix,2024-11-03 15:30:00+00:00,São Paulo,BRA,11,1730647800
443,MER,21,45.0,2024,São Paulo Grand Prix,2024-11-03 15:30:00+00:00,São Paulo,BRA,11,1730647800
444,AST,21,-4.0,2024,São Paulo Grand Prix,2024-11-03 15:30:00+00:00,São Paulo,BRA,11,1730647800
445,HAA,21,-29.0,2024,São Paulo Grand Prix,2024-11-03 15:30:00+00:00,São Paulo,BRA,11,1730647800
446,ALP,21,71.0,2024,São Paulo Grand Prix,2024-11-03 15:30:00+00:00,São Paulo,BRA,11,1730647800
447,VRB,21,36.0,2024,São Paulo Grand Prix,2024-11-03 15:30:00+00:00,São Paulo,BRA,11,1730647800
448,KCK,21,18.0,2024,São Paulo Grand Prix,2024-11-03 15:30:00+00:00,São Paulo,BRA,11,1730647800
449,WIL,21,-20.0,2024,São Paulo Grand Prix,2024-11-03 15:30:00+00:00,São Paulo,BRA,11,1730647800
450,AVG,21,28.7,2024,São Paulo Grand Prix,2024-11-03 15:30:00+00:00,São Paulo,BRA,11,1730647800
451,MCL,22,66.0,2024,Las Vegas Grand Prix,2024-11-24 06:00:00+00:00,Las Vegas,USA,11,1732428000
452,RED,22,55.0,2024,Las Vegas Grand Prix,2024-11-24 06:00:00+00:00,Las Vegas,USA,11,1732428000
453,FER,22,72.0,2024,Las Vegas Grand Prix,2024-11-24 06:00:00+00:00,Las Vegas,USA,11,1732428000
454,MER,22,82.0,2024,Las Vegas Grand Prix,2024-11-24 06:00:00+00:00,Las Vegas,USA,11,1732428000
455,AST,22,14.0,2024,Las Vegas Grand Prix,2024-11-24 06:00:00+00:00,Las Vegas,USA,11,1732428000
456,HAA,22,27.0,2024,Las Vegas Grand Prix,2024-11-24 06:00:00+00:00,Las Vegas,USA,11,1732428000
457,ALP,22,-12.0,2024,Las Vegas Grand Prix,2024-11-24 06:00:00+00:00,Las Vegas,USA,11,1732428000
458,VRB,22,16.0,2024,Las Vegas Grand Prix,2024-11-24 06:00:00+00:00,Las Vegas,USA,11,1732428000
459,KCK,22,8.0,2024,Las Vegas Grand Prix,2024-11-24 06:00:00+00:00,Las Vegas,USA,11,1732428000
460,WIL,22,-5.0,2024,Las Vegas Grand Prix,2024-11-24 06:00:00+00:00,Las Vegas,USA,11,1732428000
461,AVG,22,32.3,2024,Las Vegas Grand Prix,2024-11-24 06:00:00+00:00,Las Vegas,USA,11,1732428000
462,MCL,23,76.0,2024,Qatar Grand Prix,2024-12-01 16:00:00+00:00,Lusail,QAT,12,1733068800
463,RED,23,44.0,2024,Qatar Grand Prix,2024-12-01 16:00:00+00:00,Lusail,QAT,12,1733068800
464,FER,23,70.0,2024,Qatar Grand Prix,2024-12-01 16:00:00+00:00,Lusail,QAT,12,1733068800
465,MER,23,47.0,2024,Qatar Grand Prix,2024-12-01 16:00:00+00:00,Lusail,QAT,12,1733068800
466,AST,23,9.0,2024,Qatar Grand Prix,2024-12-01 16:00:00+00:00,Lusail,QAT,12,1733068800
467,HAA,23,14.0,2024,Qatar Grand Prix,2024-12-01 16:00:00+00:00,Lusail,QAT,12,1733068800
468,ALP,23,9.0,2024,Qatar Grand Prix,2024-12-01 16:00:00+00:00,Lusail,QAT,12,1733068800
469,VRB,23,14.0,2024,Qatar Grand Prix,2024-12-01 16:00:00+00:00,Lusail,QAT,12,1733068800
470,KCK,23,35.0,2024,Qatar Grand Prix,2024-12-01 16:00:00+00:00,Lusail,QAT,12,1733068800
471,WIL,23,-12.0,2024,Qatar Grand Prix,2024-12-01 16:00:00+00:00,Lusail,QAT,12,1733068800
472,AVG,23,30.6,2024,Qatar Grand Prix,2024-12-01 16:00:00+00:00,Lusail,QAT,12,1733068800
473,MCL,24,65.0,2024,Abu Dhabi Grand Prix,2024-12-08 13:00:00+00:00,Yas Island,UAE,12,1733662800
474,RED,24,15.0,2024,Abu Dhabi Grand Prix,2024-12-08 13:00:00+00:00,Yas Island,UAE,12,1733662800
475,FER,24,82.0,2024,Abu Dhabi Grand Prix,2024-12-08 13:00:00+00:00,Yas Island,UAE,12,1733662800
476,MER,24,55.0,2024,Abu Dhabi Grand Prix,2024-12-08 13:00:00+00:00,Yas Island,UAE,12,1733662800
477,AST,24,18.0,2024,Abu Dhabi Grand Prix,2024-12-08 13:00:00+00:00,Yas Island,UAE,12,1733662800
478,HAA,24,30.0,2024,Abu Dhabi Grand Prix,2024-12-08 13:00:00+00:00,Yas Island,UAE,12,1733662800
479,ALP,24,27.0,2024,Abu Dhabi Grand Prix,2024-12-08 13:00:00+00:00,Yas Island,UAE,12,1733662800
480,VRB,24,11.0,2024,Abu Dhabi Grand Prix,2024-12-08 13:00:00+00:00,Yas Island,UAE,12,1733662800
481,KCK,24,-3.0,2024,Abu Dhabi Grand Prix,2024-12-08 13:00:00+00:00,Yas Island,UAE,12,1733662800
482,WIL,24,-10.0,2024,Abu Dhabi Grand Prix,2024-12-08 13:00:00+00:00,Yas Island,UAE,12,1733662800
483,AVG,24,29.0,2024,Abu Dhabi Grand Prix,2024-12-08 13:00:00+00:00,Yas Island,UAE,12,1733662800
484,MCL,1,71.0,2025,Australian Grand Prix,2025-03-16 04:00:00+00:00,Melbourne,AUS,3,1742097600
485,RED,1,19.0,2025,Australian Grand Prix,2025-03-16 04:00:00+00:00,Melbourne,AUS,3,1742097600
486,MER,1,67.0,2025,Australian Grand Prix,2025-03-16 04:00:00+00:00,Melbourne,AUS,3,1742097600
487,FER,1,36.0,2025,Australian Grand Prix,2025-03-16 04:00:00+00:00,Melbourne,AUS,3,1742097600
488,WIL,1,10.0,2025,Australian Grand Prix,2025-03-16 04:00:00+00:00,Melbourne,AUS,3,1742097600
489,HAA,1,14.0,2025,Australian Grand Prix,2025-03-16 04:00:00+00:00,Melbourne,AUS,3,1742097600
490,VRB,1,-10.0,2025,Australian Grand Prix,2025-03-16 04:00:00+00:00,Melbourne,AUS,3,1742097600
491,AST,1,1.0,2025,Australian Grand Prix,2025-03-16 04:00:00+00:00,Melbourne,AUS,3,1742097600
492,KCK,1,3.0,2025,Australian Grand Prix,2025-03-16 04:00:00+00:00,Melbourne,AUS,3,1742097600
493,ALP,1,-14.0,2025,Australian Grand Prix,2025-03-16 04:00:00+00:00,Melbourne,AUS,3,1742097600
494,MCL,2,101.0,2025,Chinese Grand Prix,2025-03-23 07:00:00+00:00,Shanghai,CHN,3,1742713200
495,RED,2,67.0,2025,Chinese Grand Prix,2025-03-23 07:00:00+00:00,Shanghai,CHN,3,1742713200
496,MER,2,69.0,2025,Chinese Grand Prix,2025-03-23 07:00:00+00:00,Shanghai,CHN,3,1742713200
497,FER,2,-23.0,2025,Chinese Grand Prix,2025-03-23 07:00:00+00:00,Shanghai,CHN,3,1742713200
498,WIL,2,26.0,2025,Chinese Grand Prix,2025-03-23 07:00:00+00:00,Shanghai,CHN,3,1742713200
499,HAA,2,47.0,2025,Chinese Grand Prix,2025-03-23 07:00:00+00:00,Shanghai,CHN,3,1742713200
500,VRB,2,42.0,2025,Chinese Grand Prix,2025-03-23 07:00:00+00:00,Shanghai,CHN,3,1742713200
501,AST,2,4.0,2025,Chinese Grand Prix,2025-03-23 07:00:00+00:00,Shanghai,CHN,3,1742713200
502,KCK,2,12.0,2025,Chinese Grand Prix,2025-03-23 07:00:00+00:00,Shanghai,CHN,3,1742713200
503,ALP,2,-6.0,2025,Chinese Grand Prix,2025-03-23 07:00:00+00:00,Shanghai,CHN,3,1742713200
504,MCL,3,71.0,2025,Japanese Grand Prix,2025-04-06 05:00:00+00:00,Suzuka,JPN,4,1743915600
505,RED,3,46.0,2025,Japanese Grand Prix,2025-04-06 05:00:00+00:00,Suzuka,JPN,4,1743915600
506,MER,3,56.0,2025,Japanese Grand Prix,2025-04-06 05:00:00+00:00,Suzuka,JPN,4,1743915600
507,FER,3,56.0,2025,Japanese Grand Prix,2025-04-06 05:00:00+00:00,Suzuka,JPN,4,1743915600
508,WIL,3,19.0,2025,Japanese Grand Prix,2025-04-06 05:00:00+00:00,Suzuka,JPN,4,1743915600
509,HAA,3,10.0,2025,Japanese Grand Prix,2025-04-06 05:00:00+00:00,Suzuka,JPN,4,1743915600
510,VRB,3,14.0,2025,Japanese Grand Prix,2025-04-06 05:00:00+00:00,Suzuka,JPN,4,1743915600
511,AST,3,9.0,2025,Japanese Grand Prix,2025-04-06 05:00:00+00:00,Suzuka,JPN,4,1743915600
512,KCK,3,0.0,2025,Japanese Grand Prix,2025-04-06 05:00:00+00:00,Suzuka,JPN,4,1743915600
513,ALP,3,9.0,2025,Japanese Grand Prix,2025-04-06 05:00:00+00:00,Suzuka,JPN,4,1743915600
514,MCL,4,92.0,2025,Bahrain Grand Prix,2025-04-13 15:00:00+00:00,Sakhir,BRN,4,1744556400
515,RED,4,46.0,2025,Bahrain Grand Prix,2025-04-13 15:00:00+00:00,Sakhir,BRN,4,1744556400
516,MER,4,60.0,2025,Bahrain Grand Prix,2025-04-13 15:00:00+00:00,Sakhir,BRN,4,1744556400
517,FER,4,73.0,2025,Bahrain Grand Prix,2025-04-13 15:00:00+00:00,Sakhir,BRN,4,1744556400
518,WIL,4,13.0,2025,Bahrain Grand Prix,2025-04-13 15:00:00+00:00,Sakhir,BRN,4,1744556400
519,HAA,4,40.0,2025,Bahrain Grand Prix,2025-04-13 15:00:00+00:00,Sakhir,BRN,4,1744556400
520,VRB,4,22.0,2025,Bahrain Grand Prix,2025-04-13 15:00:00+00:00,Sakhir,BRN,4,1744556400
521,AST,4,18.0,2025,Bahrain Grand Prix,2025-04-13 15:00:00+00:00,Sakhir,BRN,4,1744556400
522,KCK,4,-22.0,2025,Bahrain Grand Prix,2025-04-13 15:00:00+00:00,Sakhir,BRN,4,1744556400
523,ALP,4,22.0,2025,Bahrain Grand Prix,2025-04-13 15:00:00+00:00,Sakhir,BRN,4,1744556400
524,MCL,5,86.0,2025,Saudi Arabian Grand Prix,2025-04-20 17:00:00+00:00,Jeddah,KSA,4,1745168400
525,RED,5,21.0,2025,Saudi Arabian Grand Prix,2025-04-20 17:00:00+00:00,Jeddah,KSA,4,1745168400
526,MER,5,46.0,2025,Saudi Arabian Grand Prix,2025-04-20 17:00:00+00:00,Jeddah,KSA,4,1745168400
527,FER,5,64.0,2025,Saudi Arabian Grand Prix,2025-04-20 17:00:00+00:00,Jeddah,KSA,4,1745168400
528,WIL,5,27.0,2025,Saudi Arabian Grand Prix,2025-04-20 17:00:00+00:00,Jeddah,KSA,4,1745168400
529,HAA,5,12.0,2025,Saudi Arabian Grand Prix,2025-04-20 17:00:00+00:00,Jeddah,KSA,4,1745168400
530,VRB,5,18.0,2025,Saudi Arabian Grand Prix,2025-04-20 17:00:00+00:00,Jeddah,KSA,4,1745168400
531,AST,5,11.0,2025,Saudi Arabian Grand Prix,2025-04-20 17:00:00+00:00,Jeddah,KSA,4,1745168400
532,KCK,5,10.0,2025,Saudi Arabian Grand Prix,2025-04-20 17:00:00+00:00,Jeddah,KSA,4,1745168400
533,ALP,5,-6.0,2025,Saudi Arabian Grand Prix,2025-04-20 17:00:00+00:00,Jeddah,KSA,4,1745168400
534,MCL,6,118.0,2025,Miami Grand Prix,2025-05-04 20:00:00+00:00,Miami Gardens,USA,5,1746388800
535,RED,6,60.0,2025,Miami Grand Prix,2025-05-04 20:00:00+00:00,Miami Gardens,USA,5,1746388800
536,MER,6,51.0,2025,Miami Grand Prix,2025-05-04 20:00:00+00:00,Miami Gardens,USA,5,1746388800
537,FER,6,34.0,2025,Miami Grand Prix,2025-05-04 20:00:00+00:00,Miami Gardens,USA,5,1746388800
538,WIL,6,31.0,2025,Miami Grand Prix,2025-05-04 20:00:00+00:00,Miami Gardens,USA,5,1746388800
539,HAA,6,8.0,2025,Miami Grand Prix,2025-05-04 20:00:00+00:00,Miami Gardens,USA,5,1746388800
540,VRB,6,-6.0,2025,Miami Grand Prix,2025-05-04 20:00:00+00:00,Miami Gardens,USA,5,1746388800
541,AST,6,13.0,2025,Miami Grand Prix,2025-05-04 20:00:00+00:00,Miami Gardens,USA,5,1746388800
542,KCK,6,9.0,2025,Miami Grand Prix,2025-05-04 20:00:00+00:00,Miami Gardens,USA,5,1746388800
543,ALP,6,10.0,2025,Miami Grand Prix,2025-05-04 20:00:00+00:00,Miami Gardens,USA,5,1746388800
544,MCL,7,82.0,2025,Emilia Romagna Grand Prix,2025-05-18 13:00:00+00:00,Imola,ITA,5,1747573200
545,RED,7,71.0,2025,Emilia Romagna Grand Prix,2025-05-18 13:00:00+00:00,Imola,ITA,5,1747573200
546,MER,7,6.0,2025,Emilia Romagna Grand Prix,2025-05-18 13:00:00+00:00,Imola,ITA,5,1747573200
547,FER,7,67.0,2025,Emilia Romagna Grand Prix,2025-05-18 13:00:00+00:00,Imola,ITA,5,1747573200
548,WIL,7,42.0,2025,Emilia Romagna Grand Prix,2025-05-18 13:00:00+00:00,Imola,ITA,5,1747573200
549,HAA,7,-13.0,2025,Emilia Romagna Grand Prix,2025-05-18 13:00:00+00:00,Imola,ITA,5,1747573200
550,VRB,7,24.0,2025,Emilia Romagna Grand Prix,2025-05-18 13:00:00+00:00,Imola,ITA,5,1747573200
551,AST,7,14.0,2025,Emilia Romagna Grand Prix,2025-05-18 13:00:00+00:00,Imola,ITA,5,1747573200
552,KCK,7,13.0,2025,Emilia Romagna Grand Prix,2025-05-18 13:00:00+00:00,Imola,ITA,5,1747573200
553,ALP,7,10.0,2025,Emilia Romagna Grand Prix,2025-05-18 13:00:00+00:00,Imola,ITA,5,1747573200
554,MCL,8,83.0,2025,Monaco Grand Prix,2025-05-25 13:00:00+00:00,Monaco,MON,5,1748178000
555,RED,8,23.0,2025,Monaco Grand Prix,2025-05-25 13:00:00+00:00,Monaco,MON,5,1748178000
556,MER,8,9.0,2025,Monaco Grand Prix,2025-05-25 13:00:00+00:00,Monaco,MON,5,1748178000
557,FER,8,71.0,2025,Monaco Grand Prix,2025-05-25 13:00:00+00:00,Monaco,MON,5,1748178000
558,WIL,8,16.0,2025,Monaco Grand Prix,2025-05-25 13:00:00+00:00,Monaco,MON,5,1748178000
559,HAA,8,25.0,2025,Monaco Grand Prix,2025-05-25 13:00:00+00:00,Monaco,MON,5,1748178000
560,VRB,8,31.0,2025,Monaco Grand Prix,2025-05-25 13:00:00+00:00,Monaco,MON,5,1748178000
561,AST,8,-4.0,2025,Monaco Grand Prix,2025-05-25 13:00:00+00:00,Monaco,MON,5,1748178000
562,KCK,8,7.0,2025,Monaco Grand Prix,2025-05-25 13:00:00+00:00,Monaco,MON,5,1748178000
563,ALP,8,-11.0,2025,Monaco Grand Prix,2025-05-25 13:00:00+00:00,Monaco,MON,5,1748178000
564,MCL,9,88.0,2025,Spanish Grand Prix,2025-06-01 13:00:00+00:00,Barcelona,ESP,6,1748782800
565,RED,9,28.0,2025,Spanish Grand Prix,2025-06-01 13:00:00+00:00,Barcelona,ESP,6,1748782800
566,MER,9,24.0,2025,Spanish Grand Prix,2025-06-01 13:00:00+00:00,Barcelona,ESP,6,1748782800
567,FER,9,61.0,2025,Spanish Grand Prix,2025-06-01 13:00:00+00:00,Barcelona,ESP,6,1748782800
568,WIL,9,-8.0,2025,Spanish Grand Prix,2025-06-01 13:00:00+00:00,Barcelona,ESP,6,1748782800
569,HAA,9,6.0,2025,Spanish Grand Prix,2025-06-01 13:00:00+00:00,Barcelona,ESP,6,1748782800
570,VRB,9,35.0,2025,Spanish Grand Prix,2025-06-01 13:00:00+00:00,Barcelona,ESP,6,1748782800
571,AST,9,1.0,2025,Spanish Grand Prix,2025-06-01 13:00:00+00:00,Barcelona,ESP,6,1748782800
572,KCK,9,52.0,2025,Spanish Grand Prix,2025-06-01 13:00:00+00:00,Barcelona,ESP,6,1748782800
573,ALP,9,31.0,2025,Spanish Grand Prix,2025-06-01 13:00:00+00:00,Barcelona,ESP,6,1748782800
574,MCL,10,40.0,2025,Canadian Grand Prix,2025-06-15 18:00:00+00:00,Montréal,CAN,6,1750010400
575,RED,10,51.0,2025,Canadian Grand Prix,2025-06-15 18:00:00+00:00,Montréal,CAN,6,1750010400
576,MER,10,87.0,2025,Canadian Grand Prix,2025-06-15 18:00:00+00:00,Montréal,CAN,6,1750010400
577,FER,10,57.0,2025,Canadian Grand Prix,2025-06-15 18:00:00+00:00,Montréal,CAN,6,1750010400
578,WIL,10,4.0,2025,Canadian Grand Prix,2025-06-15 18:00:00+00:00,Montréal,CAN,6,1750010400
579,HAA,10,22.0,2025,Canadian Grand Prix,2025-06-15 18:00:00+00:00,Montréal,CAN,6,1750010400
580,VRB,10,-4.0,2025,Canadian Grand Prix,2025-06-15 18:00:00+00:00,Montréal,CAN,6,1750010400
581,AST,10,31.0,2025,Canadian Grand Prix,2025-06-15 18:00:00+00:00,Montréal,CAN,6,1750010400
582,KCK,10,26.0,2025,Canadian Grand Prix,2025-06-15 18:00:00+00:00,Montréal,CAN,6,1750010400
583,ALP,10,11.0,2025,Canadian Grand Prix,2025-06-15 18:00:00+00:00,Montréal,CAN,6,1750010400
584,MCL,11,100.0,2025,Austrian Grand Prix,2025-06-29 13:00:00+00:00,Spielberg,AUT,6,1751202000
585,RED,11,1.0,2025,Austrian Grand Prix,2025-06-29 13:00:00+00:00,Spielberg,AUT,6,1751202000
586,MER,11,19.0,2025,Austrian Grand Prix,2025-06-29 13:00:00+00:00,Spielberg,AUT,6,1751202000
587,FER,11,67.0,2025,Austrian Grand Prix,2025-06-29 13:00:00+00:00,Spielberg,AUT,6,1751202000
588,WIL,11,-36.0,2025,Austrian Grand Prix,2025-06-29 13:00:00+00:00,Spielberg,AUT,6,1751202000
589,HAA,11,37.0,2025,Austrian Grand Prix,2025-06-29 13:00:00+00:00,Spielberg,AUT,6,1751202000
590,VRB,11,34.0,2025,Austrian Grand Prix,2025-06-29 13:00:00+00:00,Spielberg,AUT,6,1751202000
591,AST,11,24.0,2025,Austrian Grand Prix,2025-06-29 13:00:00+00:00,Spielberg,AUT,6,1751202000
592,KCK,11,45.0,2025,Austrian Grand Prix,2025-06-29 13:00:00+00:00,Spielberg,AUT,6,1751202000
593,ALP,11,17.0,2025,Austrian Grand Prix,2025-06-29 13:00:00+00:00,Spielberg,AUT,6,1751202000
594,MCL,12,90.0,2025,British Grand Prix,2025-07-06 14:00:00+00:00,Silverstone,GBR,7,1751810400
595,RED,12,41.0,2025,British Grand Prix,2025-07-06 14:00:00+00:00,Silverstone,GBR,7,1751810400
596,MER,12,7.0,2025,British Grand Prix,2025-07-06 14:00:00+00:00,Silverstone,GBR,7,1751810400
597,FER,12,41.0,2025,British Grand Prix,2025-07-06 14:00:00+00:00,Silverstone,GBR,7,1751810400
598,WIL,12,16.0,2025,British Grand Prix,2025-07-06 14:00:00+00:00,Silverstone,GBR,7,1751810400
599,HAA,12,25.0,2025,British Grand Prix,2025-07-06 14:00:00+00:00,Silverstone,GBR,7,1751810400
600,VRB,12,-35.0,2025,British Grand Prix,2025-07-06 14:00:00+00:00,Silverstone,GBR,7,1751810400
601,AST,12,33.0,2025,British Grand Prix,2025-07-06 14:00:00+00:00,Silverstone,GBR,7,1751810400
602,KCK,12,14.0,2025,British Grand Prix,2025-07-06 14:00:00+00:00,Silverstone,GBR,7,1751810400
603,ALP,12,5.0,2025,British Grand Prix,2025-07-06 14:00:00+00:00,Silverstone,GBR,7,1751810400
604,MCL,13,93.0,2025,Belgian Grand Prix,2025-07-27 13:00:00+00:00,Spa-Francorchamps,BEL,7,1753621200
605,RED,13,55.0,2025,Belgian Grand Prix,2025-07-27 13:00:00+00:00,Spa-Francorchamps,BEL,7,1753621200
606,MER,13,50.0,2025,Belgian Grand Prix,2025-07-27 13:00:00+00:00,Spa-Francorchamps,BEL,7,1753621200
607,FER,13,70.0,2025,Belgian Grand Prix,2025-07-27 13:00:00+00:00,Spa-Francorchamps,BEL,7,1753621200
608,WIL,13,27.0,2025,Belgian Grand Prix,2025-07-27 13:00:00+00:00,Spa-Francorchamps,BEL,7,1753621200
609,HAA,13,15.0,2025,Belgian Grand Prix,2025-07-27 13:00:00+00:00,Spa-Francorchamps,BEL,7,1753621200
610,VRB,13,17.0,2025,Belgian Grand Prix,2025-07-27 13:00:00+00:00,Spa-Francorchamps,BEL,7,1753621200
611,AST,13,20.0,2025,Belgian Grand Prix,2025-07-27 13:00:00+00:00,Spa-Francorchamps,BEL,7,1753621200
612,KCK,13,24.0,2025,Belgian Grand Prix,2025-07-27 13:00:00+00:00,Spa-Francorchamps,BEL,7,1753621200
613,ALP,13,-13.0,2025,Belgian Grand Prix,2025-07-27 13:00:00+00:00,Spa-Francorchamps,BEL,7,1753621200
614,MCL,14,100.0,2025,Hungarian Grand Prix,2025-08-03 13:00:00+00:00,Budapest,HUN,8,1754226000
615,RED,14,39.0,2025,Hungarian Grand Prix,2025-08-03 13:00:00+00:00,Budapest,HUN,8,1754226000
616,MER,14,54.0,2025,Hungarian Grand Prix,2025-08-03 13:00:00+00:00,Budapest,HUN,8,1754226000
617,FER,14,39.0,2025,Hungarian Grand Prix,2025-08-03 13:00:00+00:00,Budapest,HUN,8,1754226000
618,WIL,14,24.0,2025,Hungarian Grand Prix,2025-08-03 13:00:00+00:00,Budapest,HUN,8,1754226000
619,HAA,14,-9.0,2025,Hungarian Grand Prix,2025-08-03 13:00:00+00:00,Budapest,HUN,8,1754226000
620,VRB,14,29.0,2025,Hungarian Grand Prix,2025-08-03 13:00:00+00:00,Budapest,HUN,8,1754226000
621,AST,14,45.0,2025,Hungarian Grand Prix,2025-08-03 13:00:00+00:00,Budapest,HUN,8,1754226000
622,KCK,14,35.0,2025,Hungarian Grand Prix,2025-08-03 13:00:00+00:00,Budapest,HUN,8,1754226000
623,ALP,14,2.0,2025,Hungarian Grand Prix,2025-08-03 13:00:00+00:00,Budapest,HUN,8,1754226000
624,MCL,15,52.0,2025,Dutch Grand Prix,2025-08-31 13:00:00+00:00,Zandvoort,NED,8,1756645200
625,RED,15,47.0,2025,Dutch Grand Prix,2025-08-31 13:00:00+00:00,Zandvoort,NED,8,1756645200
626,MER,15,30.0,2025,Dutch Grand Prix,2025-08-31 13:00:00+00:00,Zandvoort,NED,8,1756645200
627,FER,15,-4.0,2025,Dutch Grand Prix,2025-08-31 13:00:00+00:00,Zandvoort,NED,8,1756645200
628,WIL,15,35.0,2025,Dutch Grand Prix,2025-08-31 13:00:00+00:00,Zandvoort,NED,8,1756645200
629,HAA,15,43.0,2025,Dutch Grand Prix,2025-08-31 13:00:00+00:00,Zandvoort,NED,8,1756645200
630,VRB,15,38.0,2025,Dutch Grand Prix,2025-08-31 13:00:00+00:00,Zandvoort,NED,8,1756645200
631,AST,15,41.0,2025,Dutch Grand Prix,2025-08-31 13:00:00+00:00,Zandvoort,NED,8,1756645200
632,KCK,15,14.0,2025,Dutch Grand Prix,2025-08-31 13:00:00+00:00,Zandvoort,NED,8,1756645200
633,ALP,15,14.0,2025,Dutch Grand Prix,2025-08-31 13:00:00+00:00,Zandvoort,NED,8,1756645200
634,MCL,16,97.0,2025,Italian Grand Prix,2025-09-07 13:00:00+00:00,Monza,ITA,9,1757250000
635,RED,16,56.0,2025,Italian Grand Prix,2025-09-07 13:00:00+00:00,Monza,ITA,9,1757250000
636,MER,16,37.0,2025,Italian Grand Prix,2025-09-07 13:00:00+00:00,Monza,ITA,9,1757250000
637,FER,16,67.0,2025,Italian Grand Prix,2025-09-07 13:00:00+00:00,Monza,ITA,9,1757250000
638,WIL,16,23.0,2025,Italian Grand Prix,2025-09-07 13:00:00+00:00,Monza,ITA,9,1757250000
639,HAA,16,7.0,2025,Italian Grand Prix,2025-09-07 13:00:00+00:00,Monza,ITA,9,1757250000
640,VRB,16,27.0,2025,Italian Grand Prix,2025-09-07 13:00:00+00:00,Monza,ITA,9,1757250000
641,AST,16,-11.0,2025,Italian Grand Prix,2025-09-07 13:00:00+00:00,Monza,ITA,9,1757250000
642,KCK,16,-2.0,2025,Italian Grand Prix,2025-09-07 13:00:00+00:00,Monza,ITA,9,1757250000
643,ALP,16,6.0,2025,Italian Grand Prix,2025-09-07 13:00:00+00:00,Monza,ITA,9,1757250000
644,MCL,17,6.0,2025,Azerbaijan Grand Prix,2025-09-21 11:00:00+00:00,Baku,AZE,9,1758452400
645,RED,17,85.0,2025,Azerbaijan Grand Prix,2025-09-21 11:00:00+00:00,Baku,AZE,9,1758452400
646,MER,17,67.0,2025,Azerbaijan Grand Prix,2025-09-21 11:00:00+00:00,Baku,AZE,9,1758452400
647,FER,17,28.0,2025,Azerbaijan Grand Prix,2025-09-21 11:00:00+00:00,Baku,AZE,9,1758452400
648,WIL,17,46.0,2025,Azerbaijan Grand Prix,2025-09-21 11:00:00+00:00,Baku,AZE,9,1758452400
649,HAA,17,13.0,2025,Azerbaijan Grand Prix,2025-09-21 11:00:00+00:00,Baku,AZE,9,1758452400
650,VRB,17,41.0,2025,Azerbaijan Grand Prix,2025-09-21 11:00:00+00:00,Baku,AZE,9,1758452400
651,AST,17,-2.0,2025,Azerbaijan Grand Prix,2025-09-21 11:00:00+00:00,Baku,AZE,9,1758452400
652,KCK,17,17.0,2025,Azerbaijan Grand Prix,2025-09-21 11:00:00+00:00,Baku,AZE,9,1758452400
653,ALP,17,7.0,2025,Azerbaijan Grand Prix,2025-09-21 11:00:00+00:00,Baku,AZE,9,1758452400
654,MCL,18,64.0,2025,Singapore Grand Prix,2025-10-05 12:00:00+00:00,Marina Bay,SGP,10,1759665600
655,RED,18,51.0,2025,Singapore Grand Prix,2025-10-05 12:00:00+00:00,Marina Bay,SGP,10,1759665600
656,MER,18,67.0,2025,Singapore Grand Prix,2025-10-05 12:00:00+00:00,Marina Bay,SGP,10,1759665600
657,FER,18,48.0,2025,Singapore Grand Prix,2025-10-05 12:00:00+00:00,Marina Bay,SGP,10,1759665600
658,WIL,18,5.0,2025,Singapore Grand Prix,2025-10-05 12:00:00+00:00,Marina Bay,SGP,10,1759665600
659,HAA,18,15.0,2025,Singapore Grand Prix,2025-10-05 12:00:00+00:00,Marina Bay,SGP,10,1759665600
660,VRB,18,16.0,2025,Singapore Grand Prix,2025-10-05 12:00:00+00:00,Marina Bay,SGP,10,1759665600
661,AST,18,37.0,2025,Singapore Grand Prix,2025-10-05 12:00:00+00:00,Marina Bay,SGP,10,1759665600
662,KCK,18,-4.0,2025,Singapore Grand Prix,2025-10-05 12:00:00+00:00,Marina Bay,SGP,10,1759665600
663,ALP,18,6.0,2025,Singapore Grand Prix,2025-10-05 12:00:00+00:00,Marina Bay,SGP,10,1759665600
664,MCL,19,22.0,2025,United States Grand Prix,2025-10-19 19:00:00+00:00,Austin,USA,10,1760900400
665,RED,19,92.0,2025,United States Grand Prix,2025-10-19 19:00:00+00:00,Austin,USA,10,1760900400
666,MER,19,61.0,2025,United States Grand Prix,2025-10-19 19:00:00+00:00,Austin,USA,10,1760900400
667,FER,19,85.0,2025,United States Grand Prix,2025-10-19 19:00:00+00:00,Austin,USA,10,1760900400
668,WIL,19,27.0,2025,United States Grand Prix,2025-10-19 19:00:00+00:00,Austin,USA,10,1760900400
669,HAA,19,13.0,2025,United States Grand Prix,2025-10-19 19:00:00+00:00,Austin,USA,10,1760900400
670,VRB,19,34.0,2025,United States Grand Prix,2025-10-19 19:00:00+00:00,Austin,USA,10,1760900400
671,AST,19,-12.0,2025,United States Grand Prix,2025-10-19 19:00:00+00:00,Austin,USA,10,1760900400
672,KCK,19,25.0,2025,United States Grand Prix,2025-10-19 19:00:00+00:00,Austin,USA,10,1760900400
673,ALP,19,18.0,2025,United States Grand Prix,2025-10-19 19:00:00+00:00,Austin,USA,10,1760900400
674,MCL,20,86.0,2025,Mexico City Grand Prix,2025-10-26 20:00:00+00:00,Mexico City,MEX,10,1761508800
675,RED,20,36.0,2025,Mexico City Grand Prix,2025-10-26 20:00:00+00:00,Mexico City,MEX,10,1761508800
676,MER,20,58.0,2025,Mexico City Grand Prix,2025-10-26 20:00:00+00:00,Mexico City,MEX,10,1761508800
677,FER,20,58.0,2025,Mexico City Grand Prix,2025-10-26 20:00:00+00:00,Mexico City,MEX,10,1761508800
678,WIL,20,29.0,2025,Mexico City Grand Prix,2025-10-26 20:00:00+00:00,Mexico City,MEX,10,1761508800
679,HAA,20,45.0,2025,Mexico City Grand Prix,2025-10-26 20:00:00+00:00,Mexico City,MEX,10,1761508800
680,VRB,20,-10.0,2025,Mexico City Grand Prix,2025-10-26 20:00:00+00:00,Mexico City,MEX,10,1761508800
681,AST,20,2.0,2025,Mexico City Grand Prix,2025-10-26 20:00:00+00:00,Mexico City,MEX,10,1761508800
682,KCK,20,2.0,2025,Mexico City Grand Prix,2025-10-26 20:00:00+00:00,Mexico City,MEX,10,1761508800
683,ALP,20,14.0,2025,Mexico City Grand Prix,2025-10-26 20:00:00+00:00,Mexico City,MEX,10,1761508800
684,MCL,21,63.0,2025,São Paulo Grand Prix,2025-11-09 17:00:00+00:00,São Paulo,BRA,11,1762707600
685,RED,21,88.0,2025,São Paulo Grand Prix,2025-11-09 17:00:00+00:00,São Paulo,BRA,11,1762707600
686,MER,21,91.0,2025,São Paulo Grand Prix,2025-11-09 17:00:00+00:00,São Paulo,BRA,11,1762707600
687,FER,21,-3.0,2025,São Paulo Grand Prix,2025-11-09 17:00:00+00:00,São Paulo,BRA,11,1762707600
688,WIL,21,42.0,2025,São Paulo Grand Prix,2025-11-09 17:00:00+00:00,São Paulo,BRA,11,1762707600
689,HAA,21,54.0,2025,São Paulo Grand Prix,2025-11-09 17:00:00+00:00,São Paulo,BRA,11,1762707600
690,VRB,21,47.0,2025,São Paulo Grand Prix,2025-11-09 17:00:00+00:00,São Paulo,BRA,11,1762707600
691,AST,21,9.0,2025,São Paulo Grand Prix,2025-11-09 17:00:00+00:00,São Paulo,BRA,11,1762707600
692,KCK,21,-9.0,2025,São Paulo Grand Prix,2025-11-09 17:00:00+00:00,São Paulo,BRA,11,1762707600
693,ALP,21,12.0,2025,São Paulo Grand Prix,2025-11-09 17:00:00+00:00,São Paulo,BRA,11,1762707600
694,MCL,22,-34.0,2025,Las Vegas Grand Prix,2025-11-23 04:00:00+00:00,Las Vegas,USA,11,1763870400
695,RED,22,85.0,2025,Las Vegas Grand Prix,2025-11-23 04:00:00+00:00,Las Vegas,USA,11,1763870400
696,MER,22,77.0,2025,Las Vegas Grand Prix,2025-11-23 04:00:00+00:00,Las Vegas,USA,11,1763870400
697,FER,22,48.0,2025,Las Vegas Grand Prix,2025-11-23 04:00:00+00:00,Las Vegas,USA,11,1763870400
698,WIL,22,9.0,2025,Las Vegas Grand Prix,2025-11-23 04:00:00+00:00,Las Vegas,USA,11,1763870400
699,HAA,22,24.0,2025,Las Vegas Grand Prix,2025-11-23 04:00:00+00:00,Las Vegas,USA,11,1763870400
700,VRB,22,30.0,2025,Las Vegas Grand Prix,2025-11-23 04:00:00+00:00,Las Vegas,USA,11,1763870400
701,AST,22,-8.0,2025,Las Vegas Grand Prix,2025-11-23 04:00:00+00:00,Las Vegas,USA,11,1763870400
702,KCK,22,-8.0,2025,Las Vegas Grand Prix,2025-11-23 04:00:00+00:00,Las Vegas,USA,11,1763870400
703,ALP,22,3.0,2025,Las Vegas Grand Prix,2025-11-23 04:00:00+00:00,Las Vegas,USA,11,1763870400
704,MCL,23,96.0,2025,Qatar Grand Prix,2025-11-30 16:00:00+00:00,Lusail,QAT,11,1764518400
705,RED,23,67.0,2025,Qatar Grand Prix,2025-11-30 16:00:00+00:00,Lusail,QAT,11,1764518400
706,MER,23,57.0,2025,Qatar Grand Prix,2025-11-30 16:00:00+00:00,Lusail,QAT,11,1764518400
707,FER,23,22.0,2025,Qatar Grand Prix,2025-11-30 16:00:00+00:00,Lusail,QAT,11,1764518400
708,WIL,23,39.0,2025,Qatar Grand Prix,2025-11-30 16:00:00+00:00,Lusail,QAT,11,1764518400
709,HAA,23,-5.0,2025,Qatar Grand Prix,2025-11-30 16:00:00+00:00,Lusail,QAT,11,1764518400
710,VRB,23,22.0,2025,Qatar Grand Prix,2025-11-30 16:00:00+00:00,Lusail,QAT,11,1764518400
711,AST,23,21.0,2025,Qatar Grand Prix,2025-11-30 16:00:00+00:00,Lusail,QAT,11,1764518400
712,KCK,23,4.0,2025,Qatar Grand Prix,2025-11-30 16:00:00+00:00,Lusail,QAT,11,1764518400
713,ALP,23,14.0,2025,Qatar Grand Prix,2025-11-30 16:00:00+00:00,Lusail,QAT,11,1764518400
714,MCL,24,77.0,2025,Abu Dhabi Grand Prix,2025-12-07 13:00:00+00:00,Yas Island,UAE,12,1765112400
715,RED,24,52.0,2025,Abu Dhabi Grand Prix,2025-12-07 13:00:00+00:00,Yas Island,UAE,12,1765112400
716,MER,24,35.0,2025,Abu Dhabi Grand Prix,2025-12-07 13:00:00+00:00,Yas Island,UAE,12,1765112400
717,FER,24,83.0,2025,Abu Dhabi Grand Prix,2025-12-07 13:00:00+00:00,Yas Island,UAE,12,1765112400
718,WIL,24,24.0,2025,Abu Dhabi Grand Prix,2025-12-07 13:00:00+00:00,Yas Island,UAE,12,1765112400
719,HAA,24,34.0,2025,Abu Dhabi Grand Prix,2025-12-07 13:00:00+00:00,Yas Island,UAE,12,1765112400
720,VRB,24,6.0,2025,Abu Dhabi Grand Prix,2025-12-07 13:00:00+00:00,Yas Island,UAE,12,1765112400
721,AST,24,47.0,2025,Abu Dhabi Grand Prix,2025-12-07 13:00:00+00:00,Yas Island,UAE,12,1765112400
722,KCK,24,40.0,2025,Abu Dhabi Grand Prix,2025-12-07 13:00:00+00:00,Yas Island,UAE,12,1765112400
723,ALP,24,4.0,2025,Abu Dhabi Grand Prix,2025-12-07 13:00:00+00:00,Yas Island,UAE,12,1765112400
724,MER,1,,2026,Australian Grand Prix,2026-03-08 04:00:00+00:00,Melbourne,AUS,3,1772942400
725,MCL,1,,2026,Australian Grand Prix,2026-03-08 04:00:00+00:00,Melbourne,AUS,3,1772942400
726,RBR,1,,2026,Australian Grand Prix,2026-03-08 04:00:00+00:00,Melbourne,AUS,3,1772942400
727,FER,1,,2026,Australian Grand Prix,2026-03-08 04:00:00+00:00,Melbourne,AUS,3,1772942400
728,ALP,1,,2026,Australian Grand Prix,2026-03-08 04:00:00+00:00,Melbourne,AUS,3,1772942400
729,WIL,1,,2026,Australian Grand Prix,2026-03-08 04:00:00+00:00,Melbourne,AUS,3,1772942400
730,AMR,1,,2026,Australian Grand Prix,2026-03-08 04:00:00+00:00,Melbourne,AUS,3,1772942400
731,HAS,1,,2026,Australian Grand Prix,2026-03-08 04:00:00+00:00,Melbourne,AUS,3,1772942400
732,AUD,1,,2026,Australian Grand Prix,2026-03-08 04:00:00+00:00,Melbourne,AUS,3,1772942400
733,RB,1,,2026,Australian Grand Prix,2026-03-08 04:00:00+00:00,Melbourne,AUS,3,1772942400
734,CAD,1,,2026,Australian Grand Prix,2026-03-08 04:00:00+00:00,Melbourne,AUS,3,1772942400
